-- phpMyAdmin SQL Dump
-- version 5.2.0
-- https://www.phpmyadmin.net/
--
-- Servidor: localhost
-- Tiempo de generación: 09-11-2022 a las 11:14:45
-- Versión del servidor: 10.4.21-MariaDB
-- Versión de PHP: 8.1.6

SET SQL_MODE = "NO_AUTO_VALUE_ON_ZERO";
START TRANSACTION;
SET time_zone = "+00:00";


/*!40101 SET @OLD_CHARACTER_SET_CLIENT=@@CHARACTER_SET_CLIENT */;
/*!40101 SET @OLD_CHARACTER_SET_RESULTS=@@CHARACTER_SET_RESULTS */;
/*!40101 SET @OLD_COLLATION_CONNECTION=@@COLLATION_CONNECTION */;
/*!40101 SET NAMES utf8mb4 */;

--
-- Base de datos: `TasksManager`
--

-- --------------------------------------------------------

--
-- Estructura de tabla para la tabla `Tags`
--

CREATE TABLE `Tags` (
  `Id` int(11) NOT NULL,
  `Text` varchar(25) NOT NULL
) ENGINE=InnoDB DEFAULT CHARSET=latin1;

--
-- Volcado de datos para la tabla `Tags`
--

INSERT INTO `Tags` (`Id`, `Text`) VALUES
(1, 'Universidad'),
(2, 'AW'),
(3, 'TP'),
(4, 'Práctica'),
(5, 'Personal'),
(6, 'Académico'),
(7, 'Deporte'),
(8, 'Básico');

-- --------------------------------------------------------

--
-- Estructura de tabla para la tabla `Tasks`
--

CREATE TABLE `Tasks` (
  `Id` int(11) NOT NULL,
  `Text` varchar(1000) NOT NULL
) ENGINE=InnoDB DEFAULT CHARSET=latin1;

--
-- Volcado de datos para la tabla `Tasks`
--

INSERT INTO `Tasks` (`Id`, `Text`) VALUES
(1, 'Preparar prácticas AW'),
(2, 'Mirar fechas congreso'),
(3, 'Ir al supermercado'),
(4, 'Jugar al fútbol'),
(5, 'Hablar con el profesor'),

-- --------------------------------------------------------

--
-- Estructura de tabla para la tabla `TasksTags`
--

CREATE TABLE `TasksTags` (
  `IdTask` int(10) NOT NULL,
  `IdTag` int(10) NOT NULL
) ENGINE=InnoDB DEFAULT CHARSET=latin1;

--
-- Volcado de datos para la tabla `TasksTags`
--

INSERT INTO `TasksTags` (`IdTask`, `IdTag`) VALUES
(1, 1),
(1, 2),
(1, 3),
(2, 6),
(3, 5),
(3, 6),
(4, 5),
(4, 7),
(5, 1),
(5, 3);

-- --------------------------------------------------------

--
-- Estructura de tabla para la tabla `Users`
--

CREATE TABLE `Users` (
  `Id` int(11) NOT NULL,
  `Email` varchar(25) NOT NULL,
  `Password` varchar(25) NOT NULL,
  `Img` blob DEFAULT NULL
) ENGINE=InnoDB DEFAULT CHARSET=latin1;

--
-- Volcado de datos para la tabla `Users`
--

INSERT INTO `Users` (`Id`, `Email`, `Password`, `Img`) VALUES
(1, 'aitor.tilla@ucm.es', 'aitor', 0x89504e470d0a1a0a0000000d4948445200000096000000960802000000b363e6b5000000017352474200aece1ce90000000467414d410000b18f0bfc6105000000097048597300000ec300000ec301c76fa864000085e849444154785ebdbd699064c991df5755599595f79d59f7d1557df7dc83c16030b81700b1d85d920bae76b9d49212699428c9d64cdff59d1f64a60f92ccf4496632936492994c9291b6177671ee0218600683b967baa7efaeaebb2aef3b2bb3aaf4fbbb67d634ce1980a4a2b35fc58b17e1e1e17f770f8f782f5f8ec7821363960213c3cc47494783e361ee97a793d361e62c4d8c8fa9ec74ecf874786d72623c1e99fecffed91f7ef1cb5f990a06c3d1d8e4e4d44480343936ae3431317172724213f2a7fc3955cbe3417f722ac887c2c9c9c989c0a4ea43f8f4e4f8f898269c4e4caa90fc9811e2aa8eca2a4f136a8bfa4480da564d17690e11ae4e8c4f9019f4fbbd6efbb87f747c3ce0123df077e3f6f5d75ffe1e959756d7b285b9575ffabbfff5fff8bfefef968e0627fd93d380c88f0dc4f26f92a626c6a60213743f19188787298e1313930163cf6b0cff8c0519b9950782dea7e43bbaf8cb93d7408c831389f2577f180f283efa098c8f9f00c0e9e9b120199b181b4f4643fffc9f7ced4b7fef2ba17004fc5ca0c1e990289c204a616922969425d98900578082e19d9c1cab1bd2b840358eec8c4465fbc37fa3c445ba1c33fa93606379b2928393a509f5816a88b3f5681486d0ba78a8361d0e1f75db95d221fa922dcc00e4e4e9d19d3bf77afd01fd6868aa3764edd74d4809d94a4492dee9e0f8146b3966a8c727940c8e4ffac7271c95191cd363f768f001842409ce44e0a7366e95a0141c39853444e9e3ecd2e0a741fa998fd739fb9c0d8c3e914d2232f547ffe02b7ffff7bf168ec4a64321ec0fc30a4c4e8e8f83d35860720aeb4264e4e94d3631e81f0f8efabddef1402c500ac242854a667054024b8e0c01fe4e18e960409742444964199b6bc65039ac21c9476d25438df156ea1c991e0f74d574c2cac79b8d5aabd968b79ae148b4303bdbac1cec1f1425505c8dd494c36f9ec4bc616919c179747cd21be8431e445116f2d83d9f9f82d0939f4be8c8c2f2c80045862d27c7251cc52f04e9d1cfcf27a8518eac90446872e28b9f7aee3ffd97ff12114c87c253c1693e48476e737c0c38c9535b83a09525c96e1c648342604afe56e21c93839594e5f540b7cf193236f76bed1935bca3c283233c23984141c84d0e7db5991a90aba3e1f9c8afea08f0ca181b5648cdc171bf512dd72b650c9c2ec2e1f0ecec6cb75ed93b28b57a283975ff5d1334f8b890c1f283cff169df3ee46597b86ebced078d2cebcd38b52128490e869f2985911e5ef9f592b96ed9743030f1b1c7ceffabffea5fa53259f0030f333ec42574f88bd0079a81faa83fd090c1950c8e8e28061b8ae41c712ecc5b430393dd40046af8e100c3329803535393784ba3af316049ee8ab1f4c9203ae2f891c499a547f38ea5581ac3970ee4db65eb748b004ecbc503b291682c128be351f3b9ecf8a0fb707b0fd767faf0ef271914bf200367ce6960ca0cffd1e441870cd65ac0fd480504b178774abf66a2adf7149a0aaccca6fff44fffcb73e72f5186c4b10b138a440630fdfe11a6433f922fb898d909250123ef07245384336080d512808c8f19b4c7bd6e97d0a30fe6fd1e0718a59514cf38a695c1295f6df44986de23e9acc89b90c80836cbb897a6231f082ad5693533b97c2c999c9a9acee40b81f19337de78bbd139828229ccaf91cee4f368020b9b747ec10766bd092219d63e4b5cc2e0f8785845558e323eb3cbdfc04bd08d7789ba106ee5e2e13ffec3dffff417be44d17438e221281f3a180c060c1e11031d0d111946c85108d9c7f8921049837e8f2c183bea8276720a9a40159c9e96b79c98d05c48f7c4c02764a029ee1d29192d75a425324431aa4b76cd8e54f0624ee9962cdd41807f5cc2130c8e7ab54aa97f74c45c9029cce100a873fbc67b9b7b65822bb5fc774e1fa0f5739fb3f40bac904181161fd84005f8379c7394371ffb6b2631611922875474fad3cf3ff9477ff29f4c637c5341a48de8858a423e8127f252160c4b2871b4e009bf7982b038428afa36c3e1166055a022d3a9e910064d58048050d687a8dbf084ac212a376d401007299c1937db76c0481aa525081a17c3a4bcb9043a35e15022ebefb49bcd461d2653991c1dc4531906b575efd6e6f66eabfbef0744c7ef57a79fb3414092ab971785078e4c968edf6f9c68cac77a3acda5e35ffcd297e38994042dc086c2f2b8d2aac8c8903242f73047c084232145ad1144ee55103d46e6d8d807f39e60f9c055d835b4b45a40e2424bc12de1aee09c246e32eda10a84d4e323c920d34c697fa51c5e0855ba53a716c1c222472d842211e6427982d36368a6b2f9c595d5994c9c263eeaff1f92a406838f8e85fca3139ee0335e7e6386d0470842243a3df5d9179f7bfaf917113de5260e9920835708737c7cd4eb1ef53a04327d565e8d3aa70a627a5de3613c18c2c8c29341d9131f9090112bf804725bfae18a098298e7bc01661d9892d7254c3574084a299c0a062102a81031e7aca1eaf268ccca61e5760982786c28d056e5688f07445a20466389146361f90fdcf54a9181cccc2f25a2e16c2222a1c18653fc0f99e448d5d7235d91178a361cf2d3365b0a062bf975fd83132616250a7df2d2eaeffffe3f5c59bf84f1613e08d1c788b09011c29559c956885f64317c40c827485d34cb83371094de09215441ec6a3e63e6b3a091aa0e08d8356be55ae9a059af765a8d5ea74d47d467e63423161206f5702ef4a3672401edc868f63dea763563da544ae2ba4dc683a36e075f5a2f97282c2c2c432c9eca4e8c9dbcffce1bf148e8c16e89d1c1d7af2bb147d34771a482d09617487958f7089dd6e0949015e341c1b9361cd8afc9906653d3835434f48f7ef78bcf7df233b1641a7cc06a5883710285fc2a11a3ec12994e4d4fcb15b2f8c34c350bf64cf15586ec608e6802ff28d80c7b87507395c54148982695e27eb57450dcdb41d0ed5683951c2500893d4147867b7c8cba081501a301fa51f09f2844c20401523b0c069b2aa8a69ae21ce89a5e4a07fbbd5e776e710513c428f1ab3ffee1f78954ef6f1fbaf439fc5cbcf12189fafe21a9bf5ff9d12a8cf89a398ffa6e6a039fa02c79d70a2786c3fc35207426a080fdf1e78b2f3ef3e5af7c6579fd12731b10522e89f05f89e01353934b242135322e328091b9c09ea63a8b29347106b88a2011ee28a8e1926c84725c71bbd9a8958be5e2dee1ee76bd5669e853ad968af864845f291eec6f6df4ba2d986cd62ac000415aaa0b4b62c3024e208219e987f50b3b424fccc9e7135ef5da2d3200160c4e273379c6d56d35df7aedd5bf7de9559616d8c6198a1f456c5493c446f891c19624f99fc6ec673e5adabb1682a243f868e28c92b34b1f91154f43eec7b5969f49c77fff77bf7ceee2e554b68005c86274f194f1a3e9ad46bdb8b755dcdfa9954b7d9bffba9d36424474545218a95d1b6186eb448e3659b2a290ff047be1664b7ef247475d50291dec0262a35a6d351bfd1ea98b891f71addddedfd9aa140f91ba21d4c319420d4e42e128ca229e4e4f6d59a92eb044489ba3952a094269892d2d4e4fd41c456854294409147c4d2b567af7cdd7befff2eb30c4184d064a1f456eaef1fa588644ab0f6d483431a655f4f0f44312a43f624dd250956c2dffe98f3dfefcf3cf2fad5dc071b9b26b5d35e8b71ab5835d81d7acd7ca870708ae5ead201ffaf129101394d363fd67c3f2ad5189cc1ca6540f25d3ed05d2891b043657ad947072e801e266a54f350000c246bd66e51d9a743a2d54075fcdd556bd0aa2d890a667665f62223eb607c4a0cdb7ab7fc64f2ff4a44e316740ee02611d9e159dc6629158021f73b0fde0c63b6f3759e0cbbda936998f22b7a1c446f89168f5a10d15a3d3ec5727ed2f8d6b5ec41c3f7a52cc710a7e134f5c58feadcfbd38b7b83cb3b882247c1644857737eedd7dffdd8dbbb776b636717d6649c7acca311a350c85190a900322ad341833373f224193a676bf202582e6f78450b7d36db5d003133146d6efb499ff0695521169738a526098a810de8f2a1c4189b6165212424d9b416b2346f2d7d8a54a86859791c4031e1bbb2643477bbb5bc96486e990c5cfbbaffff8fb2fbd526e75cd6fe91f8af05192e3f768fa4810d2449a363cfdc509674bb0037db9868f9c8201d55fca253ef3c2d3ab6beb85b985fcec02f82100228b8ddbd70ff676706bc8d4bc5048a25490a9a814399a4168442ac156a4f8c7c85070daf618c5f26904176685881951820422a50ee075da1d07b5d3e9b83ba53ee6d86eb7b11eba41640450e471b1888a708a990c6a58925b9b1fe94b6ed482584e202eef8d236531d16af4fb5ab11ceeed62d6c1603099ce968b07dffcd677eb9da3c1485e12ef477060bf1984765351d3954c6d3a301e999a084d8e8702e3e4397ac6cd94a832129cf0532a7be12f4b7e31120c5c5e5b2c140a601189c5410641e336df7af50737de7ee3f6fbef6d6d6eeeefef6337089765722697a71a18b0b29051dace19c01cf534eb60312656a108a864042a7d990d01039e193a3d00934512a9ca6aa8206a27c79a53c7c680933ac87a7a9a755d54bb398a7b27a0cff280600af75baf1c9291ae783a1323a3b619912cbc91e8081be4349e4cd62b8a78991a1657d6166773283dde432d7f0e987fbf69223215084d4e00cf544070f241ee91e9c9e8e8139b9e0c4e5227303d15884d4fc5429331ec0b284c6b7e45e2e2422e393b930b877189e3c40b889840e3cd577eb0f9e0dec1fefec1fe01634ba5d3e17024168b7b38303d1d222e577379201925668498b4dbe9c2102a3a8231d580974bd82d792c0fbba017f39382133eb136ede1d85e3968d157241acde6f2e96c964294032b6434982035bbed264b49daa21ed447391c33698b4531ee4a296174ae64300011da42696f676b7be36eb630fbfc734f234faa2322a9c04807fe43a409d022dca03f50042a3e2ccd7031fa0474cb9f0ff3592c3c15e29acab92a072717c62a7b14b3fc4c82e7d0d464221a42044cf54c6c88a05a3c6084048c8c792a085e41db013d41a6c858d31eeb8ad313048e82535f7a3e908cf84335b9355bae710a0580c27460827a20871d227a6ca8dd6aead2518ff98fdeb98ad0c90033f8a533987a011cf196d1589c7efd6e331e02dda153cc173a84b6a80ba58cc5c219c3528198d615327f98907be8c2141937e566a3416883715f7bfc895c2222fc5c1cff21ad30908d4fbbc30716478e8c7f14165b62d53d1d64e2d15d7b8ecc03ba6a3b008e9f6c6348508992a989b16c229c88852f5f3c9f482640313f37cff036efdf41eb318b4422992b146666e70a73f3b9c22cd244ac8885e6d3e130ddc8d06d079cb81f812126a426eaa7a7cc8de026f5c7b5ca3c7495c520e1a84d812d60c0b1d28aca18076742ffe418a442e130b2960650030ba4369194059f12020a2774b5311b0c85188af44093a03f9fe1779d8019b7ad9d9976a38ee7a43b46d404c05a95b62be72f23c5375e7df9b05c3bb208102989711d7e5592307f1a6c7537ccfed214c8c7c37d4ce1037f4fb2f0cf7396cc3a0521c809302bb73b081f74f9333d61d3d3818970687a697e261a532acc2e6edcbd8996426471e5dcecfce2ecd2cac2f2b974368f1f456452745b412368282876383e0645a4437700854d70898c60b379880f222632449ea0c12ca870d4e642434e305199b806f3a8d5ea680f15c0acd594c029eb758525159d6d1a32bc70248a45862371b31edd0691a7d5cd0dbbfb38764adfd81fcb200269221abac6f2d469b78ba1a732b9442afdfdef7cebb0546d1f4929a1f35122c1df10c2c5ac261e5c24306282530487c1c01453237e95c963529fe9a9c9e014721c238f3409cd90615fb75a0dcf5fd41356d81d9caccc65d75696507c3e330bcbb54a91e64be7d6c92733cc91118c1dff76823a68a1a5359ca1236b0328616adb7bda22315f069eea48ce409689f191c7ef213c66319550242f7a440edbc2adb61597f6754b96095066bf30bbb8840ecd2f2ee300f233b3e95c3e99cec4e24960c05b18d93e9968226583d5f319d6355323619c0263f9f14ea77cb8c7a210c70d33f004c6ad56331a8fc1dce2eaf987776fdebc7597b854f760d0f80f85e2378670211b37dbd27f804468e024cf617e9f4bee2a29e41ae4c48d1ebf411975671f12fcff19158314d568b0be905f5e5a0c8542f1442a9648a2b9997c219d2b24521942424d27081a99774736d4693309d11ca118668a21c99bea6bd9a0c90950b54daa0d11f23e69225128400d229c626b50a5c795b5f3e7ce5f58585ccacfce81cad3cfbf78efd68d6ab9542e15f777b7b7371f960e0fe002441e3eb857ab54200200ccace84a617ec5e74286c8d827a774778cd1caa50ffa185fad74d06a359ab65d40253c44bd56a5262bcee5f58bfd4ef3f5d7df28d69a8882ab1f0542ab38846df8f908ad02b97808290089408184b45e32e373b67e1e10921fdb8353f604158eb78ff8ad09f8fe421701f084b2b070e9e21a1012fe1167123244e349c206a456af94884ef7771eee6e3d2c1eec950f0f2bc5c34ae910e7d66a340049c810c558f80e17f2a853f6e085824c65a006b4a8b8471fc0209768778931f4ab4f3d4b0c7ce7e68d9fbcf2f2837b77de7ae38d72a9542e1ebef5c66bf7efdddfd9d959585a7eebcd37f1bbd16874e3debddbb76fdfb97de7d6fbef3fb877b75a298523e1b9c5957034aec199f6c00047bf5d4547cd7a796fe721e200518c0f8d24a2611e0666389f5f3e47bcf6a31f7c7fa758454a2e930f85830a3ff3f9699b1c26a1f4c82790989e04219b5f34b7197cc2868f83a4f3533dfb4bad5e1fcfae87a858b6a256f441522b28fd74d2131f13e378e0ab17d7a6a626f154d9fc5c249e40499bf52a26b0b7fd706f7b6b676bab787850abd6882ae88dc095151b1101be0ce520038ade0dc232b71620ac9473b37bb994bb58fb3db7dde3dcccdc856b4f1eeeef7eff5bdf4082b76fdf65ca733b606cd7afdfd8da392856ea956a63f3e1c352a5d66ab7f776f7f006f1588c71a20c4c994c94b552f1f4b897cae662c90c162908e5d5b5110fa282ad516dd5eb8cc566c08e02b4541a874e37983b516f329bbff3fe8db76fdc917c4c562eae7fc7c448dcdf9e7d02ac0b814a4f971a8628bc6c8e0cd0d1ab756f26e87022264a4e3bcc5976eacf91fe7c02c2c9f189742cbc38974fa692abe72f67f233b4c047e18236efdfbd7bebe60f7ff8f29b6fbf77f7de0316a38d7a03ed91836ab710e8f39ffdd2c2ca3a2b659b17159a6a8eeb76586360c7c828381d9e0e47589db38ec4da70f7bd4e3b932ba4b3856ffcf9bff9c98f5f3e383c644e4c2513cf7eec9999d9197c67a55a2b57ebf516c14d0f85acd45bfdc1714771cf112e9cc91e8c1855b7ab10a95aad1df77b582a0a85012a6465b872ef045c277633a45e2f97f8a3c8b4d18009d4946a208d83608d0ba29d46f5073ffa7117819a247f837406d8a3e9036db0f24058100a8f1e1ec891d3ad0901e60f2bf2d18d70cb74fa0346dfd3dd6cb1046bbf9031ef3816c260a67ffbb7bff2b57ff65f9cbffa143307724fa673f476ffcecd37df7c6b67ef905e32e9e4e52b972f5dbe9248824d1837885f7ae685cf1cec6cbefeca4b2074eec21564b271e726fe90a025128b2135222358e034180a63c1e471b3b9d9f99befbe75e3dd776af506d86b361d1f2f97cb0f1e6cd4eaf568340236a8c313572fde7fb8cb0000123f4c3caa47ba27263a403b1860e8d862a7abdb17b95cf65b7ffeffee6edcae960e7ef8edbfc43dc653195b9bf6ebd552b351033d42dba36e9751a34b1c191d8155616e21964cdd7eefadcd8d8d834a93be40f1a3a747913b03eca771fce054cf8fd8dc76d2d351b00198671c3687d0336086ff940bfd25c647f2be9937166773fff59ffeab3ffa177f9a9b5decb4ea1b77ae6337b9b9a558327debbd375f7ffd4d6a26e2b1a79f7cfc85cf7ce1ed375fc732b18676a75d2c958281897bb7aeefefeded6c6de20071ae3b9b1b44b0a5e26128344d2f74817d801c201dec6e338fe2d3885f2e3efeccbbafffb8dd6a1153802215aab546bbd32de4b3994c7affa0747e6da5d66ccd17d2f5a6ee1786a7a718cbb9a5d999425e13dbf1b182b9c004a6994e25e2d1c897ffe13f7efa85cf2fad5f622e2fed6de1004c5d82d999f94c6e166809679acd3a5a1589ea7655363f837488676716565e7df9073f78f9270c93e01c89ff1281fde2e4c8d1ca3f3631290335321c715d2cdb38eae103394f19d530f9b387eec141cb332a1991fb85893ef81878dae0665df8dffdb7fffac5cffd1680319734aa0cffc1c69df76fbffbe637ffecff79fbcd374be52ab1c7d5cb1782d3c1975ffac1ddbbf70f4be5ed9dfd879bdb954a75776b83e883050136418c301d9cba7ff70ed6898c9efcd80b85b94524184fa653d9027e353fbf48888b7f868dc573170fb71fd4aa15568858214884a683e1e960a190c34f12eefcd6dffbed442c7ce7cebd56bb938a47d389582a115b5e5e4c26129108eb583d8ca3018f9daeae2ccfcccf3ffdc2e73279a2d9287dcd2d9d9b0c4ef735f7b524c98989d50b57cf5f7d12d8ba9d66e9707f6a722a9dd5d36c53c12081374ee2c7affcb8deec20167b324ba23f4b0263646a5e3c393114e3d947384d4e84cd49b03821cfc41709ca77920fd19ff40d2a464250192139ee9ffe7c68a239dd6bfd41ed716db49e5f5dfc17ffe29fb36067ce207ad9dbbc57d58dd6f6ad1bef6d6d6de3e82627039f7af1f9f50b17de7de7dd66ab7550ac9e8e07f04a113d4718bc7ce942229148a7d34058ad54f233337401068b2babcb6b1770074c8acc414c8f563e4134814f63862a2cac6cddbfb5bfbb8343ae54ea07e51a66cac8928938abd36c36f37b7ff81f372a2556148c2c198f2e2dce9f5f5fcde573b1787c7e7e61667636168d3222a6465626f97ce1ea931f0b4763802ac414d1881ac48b7b9b0f6ebefbfa0fbfbbf3f01e6bcae73ef3a5ab4f3d273cc6c7a3b138212b8e1438bfffdd6f6fee972148f060a292b01012a2f2bd3000c0e5a0f4c149656ca77a625a7b292014a084bcd6e5dac70e8483da26d34e8bf644394e4ef387d5df1033f3d7a37e7ebd04e724c6c7d19ea71a7ff6e9273ff39917590e1302b0f2eef78faae5623a37b3bfb35dafd5fa47fd46b385244a87872dadaddad4f8e33ff993ed870fb493301d5c5c9ccfe672ccc8b3f3f3040ba87944816860666e211489fa9626ff6ba5c372711fc932231eee6d4f4f4fb31edf7e70a778b85f2c967195ac6699def087d3c1204b5008ee6f6fe09d7186f158349b49cfceceb2da67d9ca323f5b281003c7d19d44221e8fb3168287a5b50bc426ccaa2624ddbb90fa0c8ed098d2c11e9f07776fbffbc64fbef7cdaf6fdcb9d56e353ff5c5df0d8522fbdb0fb1423cc4fed683d7deba4eac615049b987dbd11c416ed276a731a929430ecc045b00f0804da7b66b0d6c029592e0642838854f72f0c296a136aa85eaf8eea890f82866f7338976620e2ea702e797e79f7cecd20bcf3db5b8b41c8e2852d75e986d6b3df9fc67f7b7368a07fbf546a377d44f251258062b3ac2f8b9993ca6b1b5b38715a69271e49acde50970587234ea759624e94c8eb06571750dff8973e61889a7a05b291e14f77788325af55a2496d06332d5326b4e34630aa827034c68b96c165d95e88f8fb1e946a3695b7eb1542ab5b0b4441c8b33676542248c5aa4b279a65e7acf63920bcb0889be7c1b0175445d180f19fc76e570bf54644504c9caf51bb76edfba75e7d6cdf193fed8491fa7bab07c2e1489d58a7bafbdf6bac756081d6c242bbba300666818198e4cc080049384c5c81017256882934cd5ba8f6abb63e4114e3814c4db47c3d3b168381e8b2462d1403c648b65200c0cb7b9314ccf800d073ebf307231e095b18394005df8fca73efedfff8fffc3273ef9c97b37afafacada3d42c14f06fac9d08e366975659c53fbc7fa74d5cdf3b9a9b2d20ac4aa546c37ffc4fffd933cf3d8f53821a5e9150101fdf69b7777776b0a7c2fc4226936dd4abe72f3d464001544887a534cb0c603ad8c577de6836ea33f38b2c4c4011fb8e46c2f1782c434c92884310d1738c288531b2543a952f1412a9148b01cc94b6b6ebd96120daabd3d31b354865f285e95094d804bdf61d06d823e6d4d65dab512e1e54cba5bdddddc3c3e2ee41097eb2e9e48f7ef463dd8fc32dafb0200e960f77ab877b2c99106f487733c6c10f7fe80634cdac661966352c0c5f1109056da934150b8762d110fe231e0bc7a3e10468c5a31cc9c738ea13a5241a0d0752d033eb463fa405baa30b7ec33b4ada9030883871a439b37215e27be5342d8fa3e0337e3c6817b7efdfbeb17ee12276c35c68ab2884d3c2ab4462c983ddcd0dd606dd1e7c23ca7abd81eeadae2e5fbaf258bfdf3deab4e8167197cb959ded6d3e2c13718f571e7b02df9bca6457d62fb2a20f47e3acbca432d29b09948385e6f6e6c373e72f3217362ae5ddad87dd4e07dd07369cd8142aac6dda107012d64663848e68fa241e02fca8091177d18421b17862666e110058c89e0c06895416a74d6dd68234d2ea4af7eb7be583dd9dcd0787fbbbf55a9da52518375b6d3a5a5c98ffc2577ee7e9173ec3f2093ee797d79e7be193d944a455af109dc54009c0a6a788b030293ed8931fc14c08d92726e4402b82224623e46300c654a267a1513a1b8beeac723e3d1dc8c7316e99ade137a18c690a1fd9e2105db96f3eba2474556e98095a70258f3830d65aa3452489dda1fdb3f34bcc22e08c7ad32f15aaa5c3668dc33e10269389b5f5f502916296996ea6cddca2fb06c31d4e468b8861349fcfe1eeae3ef90c4bfbf397afa113f8347d99c69ea8e7887c7bac0b4f8eefdebeb576e112d562c92401078b0a96e2f846cc5d76c34aa9afb81b75a2048bc1d362e2837e3f12899ebb74656e697571f5fceac5abb999795c17eb9374b6502d1f12f4b59ac4449a0ba5cea6b2f8954a717ff3c1dd72f150dbe9830162439f4a95da0b9f7ce1d35ffa2a3308f5f61ede63758bbc9f7de1b3cf3dfffca05d2f978a093009991b042103833c00615b8e0d8b69e072c0ce12ee0a8190d036123663d684744f033349c204a441b9d0b2dd6c109283862b50e37836afd248e6c89cc705b300cacc95532cf7cb9f6ab37d50aa4d4d9c5cba7491a84cc2b3af8da1b33b0f1fe07c505b380198e73ffd85d985458c9548b574708038f066f00467c1e0542c164da753e17038914c3dfdfca7c16471651d89cbf2c62726837ad088280647ca40c00aff49a0c4e2ac30bf84af653a892792c083e7c47bd20aa38473f023cfa8fa837e32955a5dbfb07afe627e761e6d8bc413d361dc26d21f63ce46f3f0938be7cec71269baf4ad19da02a276919af5fd9dcdc303822989126e73d90cd365a1903f77fe42bb51bff1e68fffee9b7f79fbc63bcc2947ddf6c2eaf9675ff874b78e00f64188d99729cdc1419fec0b9001b280a42e2c41169e1f4de88a36b44d6958201146f4fbfdc05c3a6aa8695e25010d7fb145b74b33472f174e943896069e5baa5094759ab10a4abb957150acac2d2b406f35ea846d1bf76eed6c3eacd7aa84a6062a31c109d24516581ef8f92d1bf0c35e6d971474346911d003338beb4c6116bfa4059925bfc508b3ae89783662f5bbef5fbffad4c7a2f104ab463d581d27cac9c6e3895c6126853aa433d025c89c999bc3e5ae9c5b9f9d5f4ce7f2848e748d2af48f20328665d337c64d214e970fc831fb4a0a120f718d9ed6418afd5e87b8890c51135ab2b4bcbcb0b88868a2b158bd5ada7e789f06dd4eb756ab950ef69bf5f2dce20a8ee4c19d1b8d468301421fe64980a5e5805c868334cc9040c8c11b2147c110399c8aa5e34026362dbd32cc014668320ce1114035500b3e5cd4f7bc1444095ae90aeb1805be3009841c3c0e92e172c44631a564743a9588625bcd3ab3455736118d008ca613ec863ff6e009712623a05c1dd0763ac42518c4fe980288452f3ef6f4ca856bd1781abc592cd30a24b0c2e0b4be1e0ce71aae9edce522d16869fdf2639393c154aec05adc9f90671a66ad964c6766e69758561267e227e914cb43eb8bfbbb344432220ef541df3c4da07cb807ba4c6930ab997332a8b768c895c967a237f54a89fe4034954a53279e4c1666e7d62f5d4de70bc5bd5ded74a7334c2f44d490457d4f07fda5b58b98dabb6fbd6137a485969ea63530c8f37f041ee5ca809cca39ed0f7463da2c4f997ebfd3edb535271c05b28250c9f8969d2148316cc8f887ab9c5901a7ca98090a4e55567de1ca6530654804c111a2e1a9c0a52b57661796661797e69756b4b68b46e3f164229564d59b24a5d3b6c0236c0e2262a21ee651a250664aadc9b2f9fcec2c2bb6950b57e3a92c0ce1d9409c31214758a261c0eee7214d64c41f047befd6cd6c61e6dca5c7a682fa061a1ffbfe519275483a3f9bcce42088cba4485fed0806b166ae667233f1947691b00cb4818c7cc3fe0efc62fa50300179f2d5851e746b356af818dc0668c143365f9859589e5d5ca9958bf56a856828939f8d4663cd7ab5d56ac222712e4ef3fc95c7de79fdd552a92ce7017e8247d8f4868fece8b91f565c1c3bdd2340d25d5443abdde9b6dadaa36fb43a955aab526fd59b1d3e4308b13de1038313ba7d2f8e3561985b4458da1d605c1ff8583e2a146c96578916611c0988097c9f7feea9c71f7fdc6d083590c944637c300b04882f4b6773641019fc6bcdac472b8ec1cf2c0f8f172c687e0a2dacaeeba9a4e381d658e5c35e47f7a4601384e448ed9e3047244f865e60e9bdd75f5dbb783591c9a169e00a24ee6060106e91be7c34d810f7c598fcb44489c692d00754ec154e985671aa6b971ec32211b41ada57c9750a459985564a87bb5b8d5a15ad6446a35a3c9902306479fdadd77039f9d985d9c5d5746116a5a8940e191a6c40a230bb00633f79f52775a010303d8ead4eafd9ea36da9d56bb4b69a3d9153c2d21546f771aed6e4357bbf5963eb566b7d6eef16976facd6e3f309b62aa072ae86b9c4048c6ac4df871208fa7d66c39847868ac06b9e7658bd0d07776b1bf70e80ffef00fbef68fffe9fce2128e8dd09719892b5410cac85eef079a44ffeccbf27a721089d07fbbd5c2b9621999ac9e3d11d2b30bab17aebef2bd6fad5d7e1cfbab578a1c6d0392252ea19b769c11ac8ec727f87d1c2306cdc95bafbe94c9e613e92c2e81055cab5ec5680c02c109bfa88e3594ea3004aaf9f02ba583d2fe2ece73f9fc9549d6125a451c1f75b5ea40103487067de931c76ea759ab7450a9e363a2b64eb30984ac4008ad0ff776503e204ca473e9dc2c5c75586656508ba3f1d3318c9e29f1cffeedbf257aeff4fa32afee518bf594f2476d8e3d80c1fe06ddfec04e079da341abd76ff5744abe8be12a9c50e218984d46608f71b8f1296fa3524ec6a12cc3a3d006afcb0eb8ea292398a98437a426864854fdc5affededef643f41b1876b737f33373f8748cc908ea6119f023835d3317a2ef7810c21994219dcde6666699b1984516cf5d985f592714dabc7fe7c2d52741a2d3acd31e1bb24034887c4dd1f4fd3970b5079662c80b0ba857ca3ffcced707471d3c26e685d2603c987b87394f5f8ed14d3edfea1442bd6e9306077b87bb9b58e4a5273fce240a4dac4dc6a7db84aa4677c40ca6cdd272e03cdcdb161d099209af8639e39171d7d3acfb74e76b019743d7d83ae68777c591d2908529f3f1b7bef137dbfba5565790b48f06bda3e35eff58ef8fd24d211dfbc35b43f6d4a0fa18ee9a4986a38fa7c0522e3e9ce4b4b5a339308c8bf28d386daa9251acca07e884b52367193e940f4be4c7b4cdff077ffc4f98e4efbcff2e62c56132132097542687f74118ea32104026d46c3571e7f6e009d327c6aa7827062a3464614060592b975efad65f3ef6ecc753d93c5a8f11d191eea84ed9b747e1d59e69d34d03cafdb5277619d6b737ee170f76710f9860a35ac2d011344663f79c9b744db4b2bfbda10dd5fd1d08a22e2be7af666717317131393149779353bab1a5db81f6380f9d224f5b2006e448f7b69bb51a6c23606646ac90812eae5d8ae08ed3597c3519b8c1e113b53005e04e99faf0542beb17efdc7affedebb791c8d140b7f0b43b2d1fad8fdf6f204332d12a216500501c65b1a7fff55c603e13033c86aa383e341d099b8b0a87f0875a5d225a5bb90851bdf443de5376692e48edf5349bede21b94172f5ffed8f39f7870fb0653f4fcf26a3a9b279e7ee3951f5e7aec4940c6e0b012a4006c88120bc30260d422ad9edfafc7d7823742b87bf3fadf7ee32f1696962f5e7b1a65c10ea883b0e48dc591a958308442801b34599de066214b68898920b25a8590e184501481103d1eec3cbc7febfabd5bd777b7360e77b7fd89645cc5dcd2b9dcec3c1321c62d5dd55b8b18cb18f32d7da26dc2bed5a484b916b961148c05cc583b322da67333f864d8c3daaae5221e1843847fff2e38fa44b4a08dfe5e175174bb6d4435b7b80c63dffceef70da4e156a539bd0fec4b100dcb95ec68a7481ab14bf23ecd8d072e2ce4c261900b25e3d138461f635ac7f84911c2c24793dd4ec3c90b54b9609b0b91a9b69ce8d36cfdcb5ffd2aac6c6ddcc713e60bb3b9b9c5f7df7efdcecd1bed4675f5fc25d6ce843502a3afafe0a2ddf84360036fe482f858c631c3351bf51f7ce71bdb0f1f3cf1f4c7ce1198a4335800a85091b61a8f6c6d32148ea2e21a9a854282b0db6609563ed8052fe02182603dc3b089eaf495b552b159af698985ffb435196a8742400dbbd59a41c6ecd2d2a33a9a2c39d0e540cf899b516ac9c850b5ea2f1de04268cf120535c2b219fe4b7ffb9d6838c45a331c4b501542463f002f83a31e7367abd1a097f9a5554cf3eb7ff57578d0c2da3e264e75ce273031dcb0a45cfb2d0e1598415019d90b19bb341178e2fc826d98c66479b691417ce57b7138464f0c501b08522844a7340c47e9d4b62d304aa8d2e8effdeedfc7bd940e0fe61797516d867cfbbdb7706273f38bb1849e7d22b4810412e975dbb89aeccc9c3d44abf57eb7dbdddfddbe77e776f1607f7975edf1679e2bcc2dc00b1a4dacad50428fd0e9cb827c2085347152b084f2a0d4b001620ae86b656c8e890743e975bb2cc8709b5864a7d5d28aa5c3a2454f961a58824bea198eca334b8a7a8b8d9214abc74a4d266e94096ae4b7edcd6295e2debe3d78a7b9361c5e387709ffc4e97befbccd4ae3f4f8c8de0520a3c116f9cb6c8a4aa10a2c423058ac9048f82ffeeccf4c711d33fab1dd4ac3e60c57df3c31d73744d4f1e3a35b86b6a80b7cfcda9a794e241925e3e0d9be8fb67f1c424d3a9a5f8010b5138a8e28d0429a53fa46b353a9e48b9ffdfcc69d5b4854cbc1a5557aac950e09350952e61639d51788e497da0de4583adcdbdddcc064f5e444b9d4ed74524431cb2b6b172ed11cbf84b0305ce8138960047847c0e62fac70090871cb828e99d5dc29918a9cad9bacb4a4037eb52a9f0a3cb49a4da227f409e13210dc126aa88d2eff7eafb648d004850e667b7d56d750b20958029673c60da2321301968c7b7aaee0108d27e65c5abb94ca16de7eed4775f5551d1c3146a638bd78633a14a10f29c45117524c87e4514d94e4affefc2f0616132045c1680fd1f39712710293ca1b72baabab2ac2cc1075f3d129c1c8a79eb90a1f729243f0ec3b228e8fdc8b2013f6703e7438c36235b6428d89cf64e0fcc58be7d62f6c3eb88b6484d9d239ac67ebc19d52f16061e95c329bd5627c723299ce33ed83502299468b7385d9fcec5c61768ec01527ce681031324462d8506161d926399fde14d1c8fcf19f8100a2c7425177027d9a68d4a72730c21f044409868866b0886e365bac9aa1899c48c08f378169c600032804858c038911009261d6a53b4c84d199ebd623c82c2470c694106412bb6e3dbcd76c34607e69fd22f8a1081bb7ae1f32bb1f1da1fa5a7b9c1c2374ba8825d2d0f721b09484dadce2cac307f77ef0bdef0383ee3185f46848641a75d2fa5b50612afc157edafc0a513e150887a6742b2a349d8886d38958321649c5a3c97824f0d9e71e33ab531c2c43b337b908dcd1a638c9b036c40d4b00a39ae7546e40c2cdb5279e8ec7637bdb9bf03dbbb89cc9cfd6ab253c1b93502657c8e667e01ef1613a8851a2b4853903433149b8384273bc5fb7ddc691d11dde86f81eec5441bb85da85922b3318f4cd288223ece54818cb2ea7154c6245aa4004341860e7954ac5bf5f619a6dfd9acef3df4a444a9e193b36d501fffee08841cb16b5763c31aec73126825b5c01febf5a3ebcfee66bb49c995b4053a3093d204290fbee9bafa79249a9b77d2d84bf94471349f8649e660c95e2815be11baffe78e3de5d828b444cf7026311dd144c25886243d1f07434148c454240054ee9443497496453f16c2a914925d2a9785ac744221e4d69a72b11f8c2279ef49ee8d63efe7cad0f5547c6a9119c29302aacf01d11084f016cde9574e1ca55403ed8db255a241c6591d4ac5509d97162942caeae039277842401837803d4a8d3a857ebd54a8b3578b3d96eeb0bf290c51fcc2eaeb01cc1afd1b320ec2359e9934f551823a4e4307b1d5ca7561ad361c593da8366c6e9c360717f173b043ffc3c4792138767e1a3b846f62a05b1e996be804a3bcafa160775b4e7403d17020ddbcd068a7eb0bb43789bcb1716cfad334cbac60120a9bdcd7b1841a7d36616c2226446187a8c403185138614ab5bc69ecdcf7effbbdfdcdf3f406ec486f22a5393322445d95ac5452361a2cb742a0960a92498252dc6b4db873a2ad2a4a3a197fcd28bcf9a679c9223d6d8f027e29524ccac90e4857e0437b0b462ea839e32d4bc74f571a69fc3bd9d583c0160f15496c5382e05c322c85cbb7895a91e609091e42e6b6b12d735345169a106d2784ee648041a4f247233f3d8b1efa26969a537f5b4910806e7131e52c6c7b69a35e402a430a018a9c55ab3ca8a82e150ad78b84711b281c35e4f1bfcac5fda6ded07991ed817898feceb05306a5ff9042d5c310124051aab854bbe2a656286091c3ac6542e1ea04217af3d95cce4c106c9a0ed7b9bf78b877a9607799214371d1d010b7387f4cf5e782c1d0e06fffacffe0dda6af79b84047868096e5399f94405221c895148ca5944023a0c53dec1128c710c7cf1934f0b0103cf61559eda36a99287392ff4bcfe18cc4a56885ac13e7d3cf6ccf3f56a99d50f8c1293b0d242b82c33190331ead2ea3aa7ac3de9152920eb76a3c1ec62ced39202c71a402692a999f9c5b9a555f41acb00d12ed1649d4bfa222010e269a92ab11e0f1ad5329a412158346bfaaaf4c1f606de9bca9860a356452a52734d783e64fdef74ba6029086de703fc18cce8b276cc29214f67a805c3076dc063c18368e81776eedfb959989b5fd37eba663e2ad4ab45d8423a8c089ca086c62024ede96773445270c1d4108e44d1f297fef6db0487a023886cbb9044d6e312958d6637d9e534d396b639c5ab3139d43f4b812fbef80c2c5a559931e883a580193952cf082bbb20fb7ba4dc922ea292971e7baa5cdc2b1d1c50f5dcc5cbe1480c6b20a2019a4af1303f3b8f5829b4b1313510e21325d6719e8c9958ae542c6183c964eae2956b98a06d8162499ae7c089e9077b051210c5d8dacd2686c27074a95464d1572b9736efdfb97bf3bdfbb76f311f232606cac83024b32dc34a5260d416a7a049477d7a4433ad641c730466d774068522324ecc8811327fdb6bbc2622ac7006fd66bd8a969cbb703995c9231686834cb592a9d78013313a781815f815e617190b1a0611fa0d47633ffceedfbc7fe3ba2db3a701cca42e2c05a3e0b42f96b0ae5480f9c102c18c50b27780a04fa70c21f0db9f7bde911b9a2e7c3f9a848e8c52f8d192e1d9cccfd15134b968ab86b617ae3e599587394497d62f3f46eb4eab896d554b87e0942b149094be3a7baad752020073865c68a3b1bfb7bbbfbf4f2cb7b8b474f5f12773b6589467d30d424501182d38b3a8a221dd71441b680d3687fbbb2c25df7dfbed575efed1db6fbc79efeebd92def2d4634c8519fc30b3d498ed3d9ca2a68c1b1e902f444c1c8a68b07f048180900e032683c41902a78c1de4b07ce6332d2c0281482c61f1aa1e7fc225cc2cae90a19c3cd568a8a10de499edf6e17c616e319d2b485036cbe2e9a0f97fff6fff33ea2beb33e42476030c0edd96dca8c8f19fbf9a2b29640d212facbd299844cdec3e627f42d6ab14a17bfbc8ef012983b7cc889c2547919153242047094160d78c8151325206802a2844c0e9b49b2c0e32d91c754045b8b59a98204700c62395b1a15a15222bab2b97af3d9eca6491a3dc44bf6fb770f5a43d67e0d7ac63b25ab0839cadd92b84e66fbdf1e61b6fbcb5b9b54d2484501617e757569616f9b7b28ad6f389c61351050371bd763216274bd2402cd12fdc82e2c141b15e279ec223e8bde90e83dceac909a1160e000336773d60e03843328273a0d78131702e315a6980ee42cb3fcd2fad2eaf5dcccf2e2013462a8d245c3a3d7978ef56f150ef8980b2098fca4301d2a375aa4489b6074656c45fab39f47f5ca526bdd61bcdc0ef7fe5730a9f5004839a841e7a1bb0a336c0db11fc15ecd19aaba33e34426a92285c3ab7cec00ef676a87fe589671912531ddce3a0002e91ccd0359764555dc2903a16c66036371f426c617171fde2a5442a8daa520d41d8f7adf51a4bc0862c931f5ed4b8d2bb25aae53226fc60636367671fde09db0a0522c349563568e1ccec3c2a28ce2d9284758e9ab1f4808516d2ce3fe242701ac8d858b7ab8507c3f7b9108567bcb081e0894a684eac010cd1448a912ab26ad61756d6695b3ad88dd81375e81cd54291080aaac703d62fdba34370ce62ff08013234e4f49dbffa37d7df79872810e3c32a2470a561c001410138644f3b7cf68129b892bc61955e0c3f7d21abd5ea04bef6d52fc890437a88411fede90910feab8507d38cc77ae38fbc89797f68917cfc62617c3c9e4826d35956af4c00abe72f335b980b6d4005fe800724a88fd41824feb356ad6c6e3cc07ad6d6d70a85196484c5d00bf2811a18cb6abbddc3fd3d0258ca3b1d22dc1a3c309e4aa5cc188015cce89c71e949c0b131b8942724e6c6858ec9e7631f36154c622ad831128179cc0e31d110f6a5f98665b15c439121087d468467a2399a8416626d21bd96238825238f7e5f314e6e76a1563a405399b97547697c2c1a4f2e9fbf72eed263a96c1e9b4302877b5b8d5a19e9699b662a88c9fe5ffffbff82e82dfeb460544e4e1e92e428327617ac27cbc3118b1f9d8ad751f2a73198b4111d8e4177daf07e36876a3a4564069692d30557d96b30c89acb4b385a73eda6c24db9b8afd00a6271ed8d616b60a64dfc413f1489c20b8200120b701a782c4cb054aa64b378d91cb400ec606ffb60771b9f89e511b014f7f7884a04fcc9294d88d550641ca92dd5b58a808b46a3d9c1827a3dc6660fd2c71045b3d128970e511148a9df63faed508894e119413028e6bf7abd49d36eefa84d80dad7d7f92bd51a94a903714d99e6feeab52af32e467616194d06747b926a4cc9f32beb7a14211a9f5958cdcf2e4d05116004cbbb7dfdcd7b37df2b1fee2301048b3001f5efbef117480061b925b80c3dc1950323a00c2a128a051bee6329f4fa86baa6c36173fea05c648002f018bfe633db90b0fc102afef3179a6808e58e1994c8a0f24cfe0089f53042fb567b18cba53225fac644b3411351d35e1f73801e3c41bb1b7556154d2a2320dcba42533ddd5e2a1eecdfbefecefbefbe5d2997302f7ac70f8347a55ca60e7315b5d02b30801a9831bbc306ca03478880a9b7c512b3d36d50b152a601165f3a3c4469901aac2210984fa5122c91a3d130442cf0d35381d8072263a4c2d876c3f5668c7a5d53a3be780c3bb62c3b3d459990297113ebc2582a8328b8c6dc5ddadfd6d7b836ef63700c0a09b1f6270ea7c2f6c3fbefbff70ead4da872861c210242149a64940c3b999ae36761b39ea041567cb4f86ab5f040200be8500afcd13ff80ac8d181012a5dc05e61978cc819757588ca1b00ba3afcf2b4dc23c008468c51ef871f270c4a650ba7c727e9fc4cbd5ad237e84b45188a2512183a6d199542f0c13160e8fb12cd5632a1e7fb585ee85937c2cea6bc160033132553297ac7fe0016e5857921dd6a333020a4775c8058080462b11885c8cbe0e18a76705c75404b62e86373350d645cdf28461094b73b1dc2334c9026b0c17cc2aa7f76a6104fc46d2c21c6c84217254038604f6c4468cac871ecd02116ddb8776bfdf2e3f154d65e4caa3bf8880ca7d9ac56689b4c6732f91920840982ea775f7b0524d07d2e99b0a528b06a6a6ab7ed741b0e278562f0d17b3bf0e224563e9c7a3a2b109cf8f8764710820194a0085b1072cfe31491a615c8ffd09f57404f0097420f76b572094714c4068384e0cc105448a4336831e18c3ca7bd0384aa9a87ecb62dd3b3e2d24e07c7a54d45cd58bd6653cf88d2513a9395e06d1b96bab02cc5313648e8266b297c092802184287cb743a454d18c04092a9241a168bc7b5ea30fd3bd8dfc794e433bbdde261b152a9d26fb55a6b345ac80674a391482693424f11cadcdc2cd1102e89090133204265e1c310190283c261c22123622c4c75a0bbbc7e29a4c5aecc88294faf6fb76709f464713a47d48a88d02164922dcc5eb87c8555efdcfc1c4e153c68e29126a3635c8e1c08a161b06ac627b860b2db81795d6aa1c8285da75bab37ece9a96ee01ffdee172d8431db0621dbcea703e033ba8aadc980a5f5a70e1933a22103aae0874b91196add1a001bbb4b2e678bcee28fd12bb42a164f2003fc0fbc404345bd2ea36ab25ecc6599e4d03858840dfc2ac282323dd18412e0a35feddbb3fa66429a08501f5071a826055bf04dc8ed831f76491d88974b65f40c9f53afd70f0e8b7c6ab5c6fe61696fbf7858aa32ff318464223e3b5bc8a493e804d3280a011b85423e9bcfb108615e476c07fb7bd44c6532517b0a26668f59c811d986192866b2057b461231e81102059f9353895436964cb38ac7ca095e0135bfb032b7b4a6679493290c311a8d205326078951c24735d5bbe3c4d160d2c732c252f739c9c93899bc6d0aef1ea184813ff81d20d4fc87214aeb4de1d132304310521f25d92372b45da71360e09cfa8858f829a0d12349a81b740683a374b68091c1196388c4627a8de5cc3c0d25daaee202f2e80a332218d03b1683ff34e77e0aabd808dd61eac41170ad8732ac479861c0408cbcc84004a659d2d291aef6fbb55a1dcc4ac448951a2eba5eab9f9c9a65d0452c96cfe53299f4d2e2fcfadaea534f3d71edea1556a2b3b3737a6c2a1cc669232a44393bab0d011c2982c08e994e192215b0ca78321d0a45cccfb7e0a1523adcb87d13b1e15db92a9f68cb65cb333feb65a7cc8bd158323bbb1889eb771d40143f838c5993a091981b784827f4b6f10138314de020ed39c456a3d569b6313b3d96d86cf7ea4478ed6eadd5a9353ab566a7daec541a9d46bb37fe7ffe4fff1aadc77d6349740f588818e162270c002610163d20232c8d5e39a59c12741f55c5dbd01ca8e04f1813aab45b04698482cc0ae69f0384dad4476db737ee968b07c42c9168148cf6f7768814607a666606fa842b6822f47d1bba5ca9a2735af325b41a4752103147abe49889ace67c056ccc67681250e103e38944418fcd1daf5dba4a39924265f0e428103e16bf001d5825d8422d00099f80f96ed90a757e61015d94030860406d96b9204ad09c4c65ce5dbca257428d8dd52a25e68b1f7cfbeb8d4a29994e9fbff2c4d2da457ca6a64f6464f761885a1bf532ae03df0ba8c801de51bbc151b75629ee3cb8b375fff6d6c307b7de7f9f51f840845fa3596b108e035eafd3ebebd51c988daeeb1d1688bf2f9f284cd04e3e3013f8bd2f7dda274280a2039093e733f78bd029f1443bcd7fd61330bbb1baf9e22548e4f125aa668e97f1d44a8768016b0ae8539ba8d1b6a4eb4489982d0a4b3588e24b698a1ab076d17a2e3895b3c4f4363f37bbb03037b7b0904ea7b1d4442289a0f13a0c8b84c6a046609c482672d9eccab9d5cb57af5dbaf6d8da854babeb9710f7c2f22a8bd174ae40d0cf1196d4911e9590c5c8d4102abd9a5ae08118b7766e585fa917d60f03424086c3c0886550d60491a79e80d5de047ef2ddd75f45d76955af946ddb560f67b41a55c2d1f2c12e35a98366dba2545bb57487ec6527830195eb553d0b22053ad29e006471a0b84dccae5c6beed7da8d6ebfada746ed67efec1d16c727fafd023d09a8a073f8f5ecc06f7ffe138c81bcf92e9c843d17ae185a500d01743db03484d03401ce7427183db7b8861c6c4283493e9e4ca10db81a406218120491618f40bfc2b0e98a18952ea0437ff8759c3852438ba1874220b2d9f985273ff689cb8f3db57c6e3d1ad39e0b92e048e29434373fcf14954c260117379856f8279c70ddf1545a2cb1128f25f07fa82abe058de51ff2b428e9149fa6e1dac3891a8825bb1da705001321a34614d4d782434fa303a1c8a2d9382d5ccb4bdff9ebc2ecdcc73ff579a256d6afe5c30356c62c3f911e4d581d32a700b082677b790d38213478180f4c34eb15e8b0f0f5db99944b33348bebc96e3dbeddc5c78cf5ed47066530fe91d495f88bd1e9e191f1b1c0975f7c165bd050143569258b153a668cd0e0d354c8297f61813c8953120e1fb9630a8c19de182da407b6318afda1b3eeac886b5061044a137c085e8ba58dc2b6c9296c1dba361f686293ee9fe8ed875aed334b11c19f9eca11e929d31496aac8c5221d8e743adcdb2063df8fa15016626f4f67208c88504281474f37192cd0d0ee1a3a6c6281b69eb2a153f2b4a0398246fa60a92eac1cb2114d16619f32d0548ab2f979963a2f7fef3b4b2b2b8f3ff7220af7c4732fe666e7f7b71fcac9140ff4aaff7eb772b877b8b349041489eac5a70e21093980f4c1ced6dece16eb2822144a8610c2b362997eab67b88e30fbf934c9825e11def8848c97c9c7965c64912683012d2a415116a95bdea6ae9628f7fefc484d756d7332b31327a801aca28f185c263793cee619b92683d1460152a7951ef21cf67284f3b42e14ee4007778a112364f7e49a8f058ff686e8ca301621d8d5724f3e43eb486481d1ef6d6f3251d96dcb5dd6936812288a6f7bfd32099cec2eb519bd3d272874077ae73ac68c77c5fef003581b3a2266ec350df00cba740d8704bff881227324493fffa427be537a883bac6ffe6edc7f70f7cecdebef7cef9b7ffdd6ab2f3fb87bcb79f6de49e4f9301eb41951a29de2c11257512e18c22d0a1bb3b35f9a4697261001c21b8264795418a901aaf2668eaa67d6c6d15455cb6a8e5490c1d96b07edfe9f6ebe5b50dcc1d4eedfbe41e4929f5db4efb5c8c011316023140445a48038d05fcc1119719dfe19066a9eca641125f46905f0d6f6b8ad2741cbb452d0d66a8119f515af4285a34cbf53299709d3ebd52a9e1c44f910dffadd226c11ca00c3001811982021a48f87a023948c91323432880ec05c9e787be18a5ddab326e837d5c00f74f7763659db10d0a1828c1d758455d3bf301e1ddf0e4b3bdbc42bf72ba503c4cb251244851555a7a698a119261917b23c83d91c3d8f3e23947e65d2a44de280700d44edc2e39105a799a37a34fcf0303615e95e1ab311dd333048205fe4882411a27c68ab098a2ed9db37de065b18817aab512beeef564a45a8a9ad7629f58569a631841bb7971ac00022a6d0fba56799bcee2f6a3704ee38aa474cdffc23c0d1849e896cd14538a13edac811cbb1a32c08e4f84f4d6f2e351c5a95dc0085f083dd530781a2bcc884a173094e200b1d6850cf15178200c6e4c74c0cbaba15d3ef335572a93037b77ef1f2c5ab4f9cbb70716171097911106d6fdc630850f3c4a0c0c63435a7f04d2f92979c0d452dcae5e489ed0dc50f4b361cfed01e26488684bd8fd5f0e3321290b64a080a587c15c83a1d0c514010c593101fb926021f6647467669f74531082c8f41a31f7a12a978502a1e7215b228047a73a465836e7b1207d20b941104e82356fae540708c198117ccd09785095a087219956516d0c2400f6730d3e915de16ac690a30020ae2cd73eac5765818c390139336e83b4aba17d66e2239060efc304647d4276368e21e86b10f03a73da34066d4a415268e1b4da6b3d491ec50d5466df9dcc5c5d5f5d50b57ce5dbab67ef9dae2f232012e310bccfbac41a277f8d12318b138d196ce7d53ec0c660680f2e9c5dadad318168e12f83351f3d137667c8345e6aa1d6da9a4dca94d2d9ea4a4d6813b4fd33f06c670a6e19e3171e49472fa67144893153affe5beb063a3b0bfb385d32feeeb912f667a4481ac8d8a1268510de9400f9d501f7ab85d1333dc60763ab2bec447c97ac481b5d31a86424ae89a2638069881020b0f7c04f429d10d8448546d0d4861d369617f0c0a32744d0754c03162827263ba15aadbb96809c393b56929a691bb2835706d6284f6b61fe2cf113a6127718dcdd9dabb87e1746e263b339f9b599859585e583e972b149897aa45dd931ac953d484a1be37131375df9a76ecf4519efeac48874713e7a0c8c76a229371c50890705bf62332254372ba08c87a514c8ce4dd2961380c123c684e39ad48b84ee4027868ab3747d007bbdb1b77deaf968b90cde60ab84ded0c9c68cea02185f4212b999a62bd8f396a3c2727ad86427367c687c190502fb1681b435ca29c561021e11f98b7f00ae61ef4c55df844b2346426b6c738f5301970c8ff6a0dd7c05bd02b4c82b1fa1a1cd31c52d067b129598f8d6b98f6fa53c40e4132cc118862ebc15ddc1504a18f34e9d4e75a44888ac12c7530323483d01a6dd5975bf5bb3283d1f4a6980ef86988aa59893a442c5c3e9b021538ff7cfae932aa0a1c7248443c5b0609baa448929a5bab94584ed53f888f7398767b12315bd978432c52796b482bfb3e4a5d7633a9876e2891ab7493d28d5925172542f4cef96faacda8e542e9cbcbe5e46d468408d680d5f96b9ae616979656cf2daf9d5fbd70193f56985b443a681835113a03130ce8bee24cfdb436e4415b2e41b6a82fe5204fc53270c5306d46e2c8d8a2b14434cee252733f02a31a66b479ef764c8f07c8d0993b90185c89f8847e5543531a7418df140bdc283e83589935bf0d1343f4e1e29c83b1640ac08080d1514279dff6a7149262f4f64b171f9a64c2d6580b23259b54e4dff40202254ab86aeed618b3e45d9286bc2aae197637a46337be655e2cf9f5948d2a430a0951c722c92e15680859d987c5a290455268057aa45b197ad1a868221798a20ef33f828320a6662f7162cd52c81666d0f7443283b8011a9690ac5e365998d3fe88dd479321f6ba842a3005417ac18f61a0717b5123be14a3813d19713cc15a281a8fc753448cba55cb252ac0090c30caf2e12ee228cccc16e6e6b90459d63098d4eee6837aadd2d68b2d5b2e3d4644408b281edcbd59dcdb6610929b898ea09f3c1230b7aab910ae380c33da3f1b96fcb264a64a4322d291d6a3f01689613f484c6684ca40916ea8eba4b882ceaafe28498587f3b0f685e146c8597284101630928714f5a9c025f28c9023a75e87428819e241986064c4145ca5900cb32c2c481ba86095112e3966694e85aa7e50573d731db224f20a1892e9381107c1c9e4147069e1a957a76b975c1a63cb79a44f4b0c0e9c9805c94874a772488086ee50930ea8432b4e5992b36c98995bc816f4a4b2af23119b07742d56328ac95b1631b18ed48665e9f0e0f67b6fb66a15a21e28d8c37bd4d1e69c246f09a93a2c24ffbe1fe1cc2f47f083a459104971545865c851aa11980a98f723e96b0c14c2281fef958c2b9457265153c751924895e497b4323768c98aa045d254264b39132aa2c79ac183532c8d88c6ed836a8a3951750b16b41f24bda596df17d3fc21bab66ee38a236a608f7eebd9141f91311dd22f2d2982023a07f460406bac369ecae016e99423260a6544415fe681a54fe2a0d9a067d6be99fc4c2a9bc78d8b6d780a4ce929f2a6f6106ae5a26f051b545d7065ee4762fbbb3bfbdb1b8d5aa98399b69aa088a5b2d6ed68512b6d7659d22f1904cc144b4662fd993482d91335b42ec4f240c4158144463237890b42bbefea0a613dc9ef637c70c047885aa209c82023dad056b89b938438474b144b91c97189d162ec8296068a4af42301748973b439268e032470072a792f4b72e663e3b80bba938dda6a159c200190d027430511b605c6602444b895f86b1588981deb392bac87d914d29c3350e60f316cfbb4ac4c29c12ddb0e302e44af7b0242d82a1fee6191f2b4f6da13aa21b596fd50b08fb4a62d6fad8f09599bf51a664f0558e2e4c1ed1b002cfbebb6f10764aaa562bd56e32a0d1914ecc10f7fec23787e1a2f25aaf44ff4b1b7fdeafbb97a5da743675212421ca10872c85618da2b3bf80300947315d14b4c962cbed0661b7cd2e910787be214717c207e7a26ff48a202ab3a442cee8f8f910bad14f0585fc4f9d4e784a1802872a42773a84d5875fa50a777d1329d8055a992dc836e0b9b5086cff333bbb3f28408920558e64578635c883691ce115310a424ecdbf1280fa60ccf8abc082e140c68d943cfa5c37dd612d0c764b5ea2058c503db8e0cea0129a63d74c8e21d8d94a329adf6802008299adf7ae7b5dd87f7ca07bba5835d165a87fbbbb55a8dca10512b834d30eaafd2f0cf2f4ff414f8dcc71f872d488087246d282211fc1183b415988cc3f1a38d6464789321e9eff1c0e011cb62c3b9b1ca9eec9a7e2b99346c85d5daec48096b09bb153e8694a94a5b66234eb9040ff44b7d50405bc88b44bf0f906810e668a2e901a7e3841a8d1448c6a18e6d239726b08639c22b52a14ebb510fe99bbd41998ef901fe9bddca805c3939850e46c9185bf5fadece268b2256e42ce7898358130039f3eb3bafbe542d1de25a6109f39a5b5ccdcde95d1760cc583405d8c35d62f878c06249fb84c5fdddad8dddad87d572a95ed72f20220a842485b1b707b588f6f074487728c25f9a0843029f7ef6ea9964bd548aa310433781f154e0e826e812f49a74090c8e0a49900837e1e744743a42518506b9a4e9cb4d839a4bccf690d5d465fb35e80aad90269730466ae2081913f5e181de902982a095c186776a7a474801ea74615e40cf7f504d18685f4d4f9e1134424d2e349600292217840b53b4055451b067b11b75ad107c26a33ec6c70764eeddbe8191e567e692991c14a043440bf040b871e7faa0d72532a6c9fccadacaf92baceea3895434aeafc1a24fb58a1ea0aa562b0c9995604b0fa48baccdaf7a90c2c422e14b4ffb83aebd80a607fbbf702efce9448dc08b4f5f46ac0c5e833171232c920cd077616c2bd624a3958304e641f0102161e325725f36db9100c60b3d51a25eac234ee563cda0257afbf13bba5317e600e908d7445c427837d414dbf742c4cd665dd321e728ac6de4421a829cd2235c8b399f23ed259af44b47d48637f9796d4e4e5382b8a94cd75cc29c8ce5314d5110b5efa1013f26c29a0fffb3bbbd99cdcfa47379962e98973b76dffb0e45627b5b0f12c934c2c73a57d62f47e2fa42e8d4943690e902677b3cd0e622e6877945a35118a35fba631414dae330ae4c28b430ec618540d8b7afa77e38886381179ebc0845e4e4e71281a93c4c62161821b2b39b33daa672d46062986cbf91e40d5179e47846844415373bcf206832c36b7695233a88e7d48696dcb5d9a2e21269836e06d97d3eea5024d0304a9b8509e41081bca5c52f12973de58db64942843cdafed68d43ba8031040a5978d06dfee0b4d6e3e64304b3be3f75c44aa059abca635b2fda9b3deaf91d8f827ea14f5f8dd0934b163c2b720e101b8f0361b7d5e8da46ebca85abc150c4ee6e86f5f56adb4ca09cdabb5b0f5857e033e53f26f4934aac511b0d3d7402f3246a4a3e8363bd7d0d16605e6b37e9fe87822808a9484f540600923ab7b59abca82252450a3e995935253296240509cc2425d103e1d09a31b21178782edb3a77e2fa6f932b351137e5080dd1d30e827818b31c6d4e621f1804730ef56589f638e8c8feb43466f0c85190a1d77444095aa2efaff4a8c4fc07bbb445aceace3686200309c12cf8a5e71e52d996b71676e5c37df79f0dfbb2632a933d7ff5091a11a7107361554c87eea34011775a2f1f6264f1442a939f0deb9765a30c10c16be474a21dc4d35ab9f4f0c1dd765bdfa8acd79b9025037e080a46ecc10b2d21f0fd0af4fb834eafdf65523cb67bec26f05f9126882ea1e2e6e589d11a1e4397f8413261f1974b9ea8454dafcc11e97055f0e8a312b532fb734593428ca655530e6d94d0985013256dd46b84e28cc4763734c3d30eda72e31ed4d84fb950ce55ca8107ca96846e538142450ff91f1c544a453741a631e4d869e9f5d1744d4d9c33714da5748080b145db4ce1a09bc3a8122460636f67eb606f8f703f1c8e2cacacd13b0117d39e9ed461216f371de56ae08ae9d9be89c051a1ac3920816789537aa532802307060bafd862b95cd1f3e6f6d468bbada7644d4e7aeb30ff48921cc8fb850f4bb6a8d0fc649d5b8216bd72a4dc2ed98adea2031a9c959338156086dfb06834db79e75e4606c0f0900851da2bffacfd1ad9fa70fb6d0c7f85d6f73ada28c732706510012af0337319c3d7c20381000c6361e4b90a717feaa0d96cb4ed7134f0a8d52ae804f0400456c0129d209c216eac57ca66c4faa28c2cd87ec7193ad439d8d36feb77b0c25251df1b6fd419d4ccbcbeef422f08563a603bdd786cb8629a6356a654cf019bb5d9dd78926d578d4c4282b0681fa9602d181c539fddb4b6a745edd7c23c3970929dcd2f9c5ac187a7c033975769a09cb010a312ae2dbcc869b96c0839392e93273930c02e482d51c25135ed2bc58cc1cb49b484988547a1a9200e5351bcd7a415cd067683abae57330da8cca0610030a08a7cf9d02f26825c515b10100cfcd1eccf4512ad6dce93f5c370208c07d65393da6c6392d3b304b6bd024fc8069ba59cbe903870227da0d5d7682a15d67e54a76d24c2e221bd76e95ac2de53aab79bc293be15a47d00060029c6689993f7dffa097a992dcc190f93e826a360645a00e9f99dc63b3ff9e1d6e646ad566feb178dbad0a7b9c46db2851964c91135d0c0084a415a83622afa70430c3c7b456ff48110dae54499021d2a479183f27615a0bc370e148a80ed2592c87244e88c814bb41353062d14cce0f4ad28c430ecc868334c06aa985a7eb2df6834a148fd5088e85fab7baed210eb222cc7552212888307ddd188f1d285734246a629dbd2028b2179442a2520d92d3d169466280368520ebad86fb351dbde7c800f68b59ad5aabe77017eb1787c766131579823f264346008e75cf26d01756a5385054a536fbffa121a96cae698bc7dccd20ff5d93beab6efdd78e7ed9fbc82f3a42b7919f12c8339932d2d908789f6d4667bfde85707eff011217cfad28a21e5c9602349e56c0744974057fbc2b20f038fe419b16b12f4e479d30725064209d5a00b6c0c152bc4120113e6cd4f68b78c84aa325e50847d1c2a5d4763dab696dde8d6bc96c65463a6d4846ff647b99adb8f1a92e8821290a384e6d4c1afe2a98cbc9065480c0afae4592df001d64aa954d363050744a34c51d5aabe4eac6fb82512d95c2e3fbb90b46f77000947b48721d0914899c4902e8b064eefbdff8e7ec94daba33817e902f098a059a5ec6edcfbde37ff726f77575fe16862813d1c06ac4aac2629487134416285c78ad858ef768fa8483883fc5ce2ccb3fe394b672572a42e62c78f3cc99894ad504ea233e0a2a7616b4bde2b7f3c8ba0cc0a0d51bbee25565773a1dc907d090c5bf4425090ba9a1ba5b229afee08fa82dde3617da7debf8b25f5c5ae3acda6be5f480b3ede23095669427312eb0d4125db16de4c9ff40dec64b0424c99d98eb6705929172be5924aca152044cde8341c0ee5f2053d02198dc7e2c9116cda24830e4a8d26a2339289395246562beb778760009f0972f2fffa3a6af5c1cdf75efedeb7b7b7362b956aadde68e995d5523246cee090351f3a853e43a01041c0b9d6859d1e56c8eadef1439e40c5511f838de3d9a9ac102e5c171c33a127ceecb6030cda17e91c1713979251961de8445bccc395bb17fa55972f474a18bcb6080804cc970a78a369a889713e96332cf5cd0ac53591a89e63a7d0ee2f6ab90635afe55d40c193b7f2ee9002192a51813ca46ad5aa2d18042d513d4120ca50adb08a68631ca55205e5f0efe07bcacfcec6627a3e082f0a455895cbb3cd5b165b64d4a5660a3100ec1413fbceafaca57305b4ec60fbe1fddb376ebdfbe68d77ded8d9da2a95caf5068a87096a9e3b32e6f53ebb477ca98d0608a59740a8dd99236a9aa01d33abc0a9bb2fffe82a3ef9e38fad7b58081d71360cfdd503197a50b984254fe562f2643455c47f4483ecc80f4539029253874a53a0a658add66531c612ffa9ab7b1e1e90586c6c249528b18589b4c4af023578a0c96a6b0926b9ca91865e8da32b3588d33b8647865322406d4fea55082d0ad1378ee007354419b6e72233d90cf8e907cff454b8567a460df2589e9c07fe11c9d8a468262808341db2eecccfea07f8e27c92e970385aab94eedfbeb9b7b767fe1307daabea474b19867e2211eea7c11db2f6156d1866443e70f91bfdb6a9f64839755010031325e2422081f131fda29afd100c258313c59840a50f84c8ab8139251d8db486618e95e4758056f2b33af4f0089ac37496938d99759ab509056614fe0c31360ac8417447bd3b3a50a33e712243a20df647435b3f6876a40257e5570d273234a7dce84b99288149494c57fb666a655c25b620736877f09cc487548649e871640644aac227a8c7f8b584b76fc6e0fde1d207e2331fe3610d81ef51d2b859f084ca87bb7cda8d3ad4d2f9b96b4f3f3f33bfc038c4b3be2f68fee3448da88fd4acadfe6bb42e0769b6ddecd515d3713043fb27f4936ba1a98948503fb0958d8772897026164a46a623c1a90876f18927f4cb090690924c10bd72bb74c24a52767a42281cb90475eb9a123d92440d4648a15b8363e3c3d629954543b7e2d00e044505f379aa8c1c81c7c5ad71ea284bd2d24b33536469758de504b23707a890cdabd196040f9c3a96d656764cc6aa89382da0c6b828f7c4553862a0d087021d653269a250061e8dc7b3f919fd784c78b871ca002997bfc227b9d69aa14b080620c3c14c6ebff3fadf7efddfee3ebc5739dcc358c3911831ecbd5b379902611ccb6278f0a3ff349137a273b9603e10810db8a292968afd811ca93d1c81124cd90f19320947a62763f686bd103628e3a195be711178f1e94b42cb923caa59980129d89c57198c7927df14557b4b56a08777a9200ccc8f51c1db7a05d1a5899463c833eda591ee330d0dd90e0661e1a968da251a79fdb9c5a5b4fd6c9ac5995ada0318aed7e21b6164ad25225830d3d4de1b198e5043a561008274c91f678953464122c0d243d9fa364c3493cb2592a9a85e5dac6fea4209e4e5c44ef41a1d06652dd06c1f9102401bfb385238ea765efaeedf140f0e58a8d42bc546ad82476569bbbdb9c924082aba39c6d04c2c08d71e1cd33b6121eae31584689e6471ac5f3fe84bcfe84a3ed37ea42734ad1f90d04bf7ecc75f68c458987b74b309e4c00cee303e44c615c600c7489123c2a75f6cc85cc78991b53198bf45ea6410931de5972145277e8906aa6635e99a53ae43008e87c90013dbf6dc22a3e014c9539fc141890836168b85ed8b2910d43763e421191ed3862ccca651edb370841e0d3d51022164479e3168d8daee0a8035dca01cf6e6eae9743a45269148c6ecfd4ea94c969084e1a308b0465bc213bad188dc97c8a0e5b4e80bfcd49fc5d584afefbef1eac6fdfbb6a5a13b219d5663ede295d2e1fef6f68e424d8b9fa181edca0130799979a8c0348dcb8c857983a0a705e89cdbe44767d341fd22a5bdb054df1d43ce6ed0080b19eb962f101a6f7a8605a2906384465d43c5ad225964e2360300d4e42a4783c04621bf0e5db351b369c3c3764cccaca96c4744a9a7c2c95b5b11640030a2cd5ddb2ed168f43c952a0842d47f324084411350a490be301aa4600485345dd3c6091a5742d77b9437313ee9088ccdace15d5ff5cee532d96c36ae6fb62543acdf27845f281c099947e5d4847b4207d1585ce1986251e981062faa5a348b1f292e3c9c40f8afffe2cf69839e993f0b8442e199b9f99befdfd01460f3aeb904b34259d2502c080a10a5890a478fba8a48b5732d47cda8edc727ddf8a8af32835023b2e0c85711287b58bb479a7b149bc11c1ff896444c3a929c25b4074ed4ab99bf89c90357e93884b9ca2577aa54f33a24af0341f131044f1494744133bc57e048defe4aa765a0666158a4ff74162c23fae9e9e143b7ead71275f09f088212dafad13a10ba9cfa0053a9e4dcdc6c7e66464bf87c3e93cb03defce272329d410e6eac28136e10a6694f5b786586830e283a353a867fa76f3c4c5ebcf6647e76eedec676a3a1a743b85a2d17e3c9e4e73eff798605ab43099a3e999cb41783b651d99c097f0526c0809226397b373072401254d64c6135cca02910901c65857806412c95d7572628264fa23358843f2f9198f593657a5edd80d018485c12251b0d5cfa293cd945e9a60959afaf62fc74014528ab09ff87d2b1a1484f111d780198fb52edac2277c0832c9c50c8751c038b36aec200f32223a19c044b54a726c9fad42b31ac13bd4601b7c9b21dcbcbea2713f3fa22873df78d91b11ed00f4e1273b2e88944718330138ba7e81acee013841c3cf5a164a215337a4e87abd8b876d706bdbffcfa3796e60af867370038bc70e5b17b2c300e8ad4573083a42ca2310ae66d0c5477a42c27b47cc41c85d3d8f454602693c865925497e73c66bcfd2eabfefe80189de57fa77facb91042f081bb167917ae4904bac6ba04e7d31b03205aa56bc43c44823a7a3e7a687c70226b1b9211bf34942c6da2c5876208e4d5f00c429b0bd1712998221a3914cad5a956d2ba3900cd70443fef035d13a5aee202694cd40e792eb958c10eb9e327018c7ecd599ce08658b883179265d947f862ca148a1372e87781321cb54eb0711b1b9adb98cec00fca54863215d042c50ae64c61890f4db459a3dbd1bac14217dff99bbf4c26e285425e31115317fe399b8fc763afbff63abc38608e23c9ff223b639374ca120a278a9d41199897673397cfaf2e2dcea793717419c6a8c434895feee29bcc64f5e005dd8845ff1290deafa6874d6cfcc7708b440c5985702659c54e244aa028264c89b844a2addf74c5aa40c2697a5b9b43f5c7a971c91952508bfa587d72e683d5903a40a849c894c04d9f426083262367e68666b3d1d05ea86da69b58863b73d434cec712890402cde77371567e7a5e228404314a408226824e24d39839610bb128e3b2273cb12dada0f4cd48c2d1a0ee8ea16cf428551e05a5cea14cf0446e13dd6101fbfa8fbe8ff7a743fac2b95101b61756ceed3d7cb0b3b74f75064d6b192009f93a214b08d0dc29ae529f4c3cfcf8e5f58b17cee7f27962ae5894756080699506785f4d978a484f75d79ec606cc00820ccf69bae8e90a56743a4a48ca3ba39a7529db55b7277a628c124757781842aaefea2db336cc64795c0430ad29290134e6308e06a1e20e8ad5b9498a3e7105fafa88f5d8d3abdd8ef17de08b73ac55cabede77c06c75a0bbfcf84c3200860510b1100ac9a3d84356d4b492482295cacf2e4eeb7dafc7981aeb965ab908488421b041d7708896a85f0b2d4c4bdcdaf59f7161f592862aebb459afbef1f2f739c557e374f47c8d3daf85979e9d9b79f3b5d75b6ddd07a509acd0051993bde87bd2ae81447372343829a4e3cf3efdd8dcfc024b9d643a8d7990f4f62eec44af1a1f680367ec34f0fce3e7e1154a50f464e486b64539fe82bc8a2c49a8ace82dbe1a5aa11907259c128b03804c4a73a1f8610caaa3a6b63a362510b3e642292423bbb33d5231afb97d6885c61735c670a7ccc1580cb55d69228a1271538166bd4623f2fe7add64526f1f95f46c6d270813497a441199f34c25c68962521996807aadfda97620c78fbab841bdee1db24c9130c37c414dd8c0e684a861cc48619a484383184e8dc292a1408ad3ed0777defac9cbc8163604a17d6b4c030e0496ce9d4f2522776edd6e77f41e6212070b13909ecb83a4dd19468f0633172e14d28f5fbb8270c08ffe3aed26359b2ded2e21998ed6c6f2a5dae616395bab89b04d063213b3184e71059c49e91e01928c58b747c1008c3e495812100abf0f960723e06d7f447da01c1a9674963444f18425ad4c10229400248a44d7e4618c51623a989128681b48d12963c78cbcada230cd3a7832795e884bc08a93f575626c51e75684c111d312c6b0548757a0a232339cbeba6677bb2887a6c66e4f52611f16bd1f131b5a5f16829ac7827ff27445397f38d2e4fa1bafdcbdf53e0d320a6eed9e8c1ac843a04f2b6be763e1e9dbb76eb180c29c19972df0b5ba40141c510775c69a4fc1e7c96c2eb5beba4c4b963d74819e2360dd6fd1e3295ad883227f02575767cc7149f70d081d4dbc267da7ab17f368f92f1d147e0a40b88c9f719b93f4e97b840135a8e679744db0d9709d5188fad56117128d5645e2de8eb80b756289c9838620381dd277febc3efc50417782f48ddc4e472f490e2332380429fca676cbf42bf6c027a78a49619a2cf828218fee3304b40d6620d5a855c009b00198727bce58f787c198be98ded000f1684fb1d20421803a85d4b1e1887ffeb61af59ffce0dbd54a195452a9b485337a6c00066086957e381abf78f5b16c2a76ffee5d866f2ff1659a472c4843ca81236292b3a0407321782f2fea7748a1030a481af9349bba6b4d5b45f226efc0b57373929da4ad44060a740c4fe2cfbc2aaaaabfa31a88d85037c887db5d58234761699744cee9901823330a0381204740a50c9a9cfa11a2901d2551b09e84b750999cb42ff8db13fb53b206a8a343a96c0e23206314b4b6816508822547c66c12671413616d0568ed0b056980291947faea49a315b5e1d73061baefb6f5425b2ea9e3d1933be60b86510c7d48b5e9c31219ca28d8bcf7febbafffb8d3e99aaae84539e88ada5a0552bb5987e4d2eadaeaca52d5dec8a33b47baaa3a304cfc8336203cd60cb087bc32c928e11835188bd40e2bece8e7e2f1d1c81c2631c4c0531797a547b6b7e2fdd158143d9c81bc7d197f3866a44b537bd58dc7a08e13a7bdd1139e54534d43d12f91814108728a42c90e2cf9259213117ad6dcdb7ae7b811fda25434aa3bfecc4f3666ec1e724c660c8646d233ab0f8fb451474696288091335a0a6985b3c65ea90603ac01b41f447ff6060ea6403d8ac1a97deb11e2ac456d8c929a58972169eb51f3811c127618c2baa90b6d5886e9f75effd1feee0e14b19b90bd224790db9605f0488c88cf42845c61f6c2c58b8497fe96073ac27b408a2323d70c671129c38f47a659a2e02054a66f22b4a84f4d9792bd0cb71778e6f28a98364581d1614e7a2deb813a844c20e293532b11a8ee102124dcec91320a61f72c71ea9539ca26b439a09d74549b24a3b14b3a1a7e667ec3af629320063b72a1241df5d006e5088e5654662e448eea48953544bc3dfc8388e462ab0e2e5101fab847794e1ca3de09a0d78543333733aba0c6267bc6002585bbf67d5db8822204c9a07f94c029fa077494909cb2b94af58d377eed877f670f519e306fc32d9c2002eab848c527ffe499f504172e61fdd2e50b172f4d4e8c63585c24d233ff292fdab6b7af918986a652895824acdb5ef06ffb18da7b8224644d038f02bff5c253daa7d09e2f7ff51ff95aaf324d3224724ab2cea14252c8a9443e34bba1cd71547d4b881bd6c9a885c1a610cd36f0e412ed96059755dfbe1461100e831a12d470a25406274b7a0729e21af5aeb0101d376105da4d50d1f3c4f4e59c68b753e38918c0385e6201bca6be71cf55904b6773b0d5edb4ecf1694d7b00e0d126799ad01d703202da32104e19bdc0b0e5136c40879a36eae3dbefbdb979ff2ef2a0049feffaca2592732b6f6195a1c9fcadefe81ceb3d11abeb17b048c2d26a453f08c5c09144973805c0c74ed3f148219f25d8a60f46073a28286101c3841a8812df063ef3b16b48c9709168dc3ec8504296a371af1224ee19e54d0d9138194ec59c2d01058cd5a7c445e994f5cc4c486604d340027918724a54a33283877b084a1e23274c5b87cf8057b48241519924f6ecf95a97220b73f411674e42a454b6af566bbf1eca8d7aad5a2e431cb2e24172d02e1a155876d0212da9665a25b9c31bba494df32f2c93b4c786fd311258843f340f26e1cdf9a9574aaffde87b183a79daa2a8f29c08c234d8862931222946c75fba20a3a749b4ad780447e72e5cba70f932715ab9546ab63a668e9aa133c9589ef827a61749b0329643529289233add09c70abffca967a55f06034789c914c7f3488a0cbd0eedc8d4dc554c2cc29aaf16ec9c2a7cb48e8457932dc55cd598c0c160204373d174e02d21598750366df891f82b08ad898e9a7be04d0b50484101ee19030aee0c502e0a86a3b13d1e89c4e8e2606f776f679bd5a15e63a25fc04a44a3718c805e7d801819ce0dc3a253210a95e301f8419eeee0ce756e4a6e5cdffb9d9a0ec1ae6677d3540a31c1fbb76f82878f172190814344e01997165de878366c481bc30c8418389dcd5fbc7aedfcf9f566ad5aafd5710dac2ea2e160219726a2319dd42b1b22d138c3d004af3d7d3d551cf8d2a73ea6ceec463949706af8ea18d6e112c4e8d918330335ab820d674ec2c25281dfcaa94386723c2b15bc443e0d0451227bd510856a697332a34160481300b01287d01323a473d0771354438b0fe19b9ee911cda00b064f2794b4ecadfb50f07e511c84cedc6656ad27f9cd58751710c5e7141eba7a9349afd31abe3d2840b87ba2e90d7941c495834085868c0dbf472156e7370ce8001130e8f2c1eef5b75e6f36f4cc3f7430565a9161805641f667c3c1336a36fc2099a711a20873422a480c9c4c652e5eba98884edfbdf7a0d1d66f21cccfe452a924eba37426174311a3fae170a4e26367d081dffeecf39c30ce212a0ae714cd7b6820719be1c38a8bcc843fbcbf8a7d80b057a0900a7ed5ad880a081d79c8feb4ced53a096b16d40a49340af78bd81ddc8c201c8248b9d194e3a0a1dada3c77a4df67d52c823c204f75a43f199c6ad46af55a458e4e846d41623e0dc8358a8909dd8e07d65088fa7ca473c60abd607cc0660e9071ea35340c9421003074c8c330858c65a80dda3a9eb638eaf8ce8d77b636eec330bc410d7ea94086ff80e4c2612cc6941214609223857035bc647e88ee2008d5a5d573c4a20f3736292fe4d37a1d6b2cae974bc713f1448af8595a4b1c84da36ea67104a47dcda8424e91147ca55416856e892a553aa18ccc3dd323b959b154f8c5edc4f60ef4a1891821119346d41d115c56b723461e96613a3606c8e2134a1466bc8eaa8e5ad56d334dcddde4c65b39c823af60d1e6800a414a373a2c5b8be5360ddea357de810910c75987ea0091b2835228632bda3d4680963a4023c38577c48aeb11c608966947055aaa697338aedfdad87b7afbf4b484939351923ac5293012290a1242d795b12191797898d42b956cb9f82a1a9175341e7d295c7ae5c3a3f76c292e9045bcc6473a94c2e5b984da4d2117b653b2cb146aa56cafad92d5182677b8387738074298421d872831073bad76aaf5db2041310921e19169cd250cc1abb24da424da244ccb65d32d27bad68692352a6a1be60d247c1c207112904f5ac8125040e29f82c1eeedfbc7123954efbcd74060c1b26fad396bea6d4719e39420d224419282b351922bc091bfb055d70e52ac64701ddc3095cd81ebabeadc8ccc3b8d4a3164b9200958d43bd1b1f1541662c2498026bd50a1df9c08d5331cc30393d13086d7da4c3bc5183498949daaeaf8fc31e346de81a3b2bd7e573eb4f3ef3ccb9b5b5482482ec5259209c9b0e479916a1036344b6c583fdc0ef7ef14578f2668a95cda17ba227866a3c58322df3427aa626b263d89470ca5146a67b554730058f54f344350c020cc843c46919eb1c90b2b45e5ec420949fb1b151c9bba021edc920172478e7d6adbdbd7dc43437bf8028214821b276f3c5106908f3907149d10786e92a22cbd38d17f9d86e5ba683c6632d9301fb054efab329930ff5c8d3983ad487381622390d14e9d02baa73b8b74bac44b9494be2d27c611390052d4aca58084321756cecc304312e79b9ccd140c572d5dc56a5f6fc8da6d8d985e5dccc5c5c8f6625638954226dbf8a1c98c4abe090025ffdfc0bd0923425f7617f9e642fe618fda88c5127439f6e525ecec838e23fb8208330a6a809057134f4c9c338969a1cc4b5776acdf5cf20243e348d1a3e2a27e0b145c5baf2a5db9b0f371e3c68b73bb55aede2e54b7865aa491666ca9db65e198d5b233884f2518fd9be6e04f5450b68c284cd94323bec8f718107c2475c108114e51c61d500d3ab51e015517a173e283a85c372e9b074a02f9352eec42d0cd27c31f4a296e8c204e03809664ab8ea27aa6c89722870543bd369a9f491de738f1761ce83319483b9b030bf124de08112e1689c0566716f6b082149d234c527192dfd2421fc7209a88c013d97ce25325c95327af736726f4265ae420a25e292a9bccad17aa65f253b2539807ed5b5db13481a3b4a5c72ec4958227673efce9d4a05c775dc6cb5e617e6d3992c14a0c38061cb096a1eb3f589af2e8cdb31c4e12608368c0b27cc34496568625ff4e535294152361c4576700555989381dabbbc99c8e10ac9eab76dea75aed28486280d2111c384552a3ce2bb8658925c6e9e4138e4c99060db2a0e6b6a14a6e29e3799c867fa7ba530f46426afe692fdc4e6dd9b81dff9c227a9e7092a0270a4440e12b4381af1d17d6093ace2b75165c6463532ce10fd2314c9dd564824aa399cdedcac5d287a2b580403dc1d72971f3640d5ccc32b132b9972a9b8b7bbcb4a086b25fa094d071797962105c670481740c7878ef48d04024839613dd3cd2578a12ffa105133237569cfc8409f6889e80aacecaa16c1fc055a1f1dc36044d4c7cca88c69564a879807250c968ee9828ed0097a945cad9527971e191a92f7231df98997305e2ff7263a1dcd94947b2fb4a715337df9608f557e34a1ed5f3a7a70eb3a100ead90443dc6eafd91c83b782e6bf561a754001b397de31506a5297a2678e8eec59ceec8683a51058b429d9a5cdf4821e08cfa1c61c0b0d38d0e8790e475d48065b591dadada2c154bfec8971a9e9e5cbc7419cb7234703f0423ad6613ce44cd1688547322a2639e9c8cbac36aec35b2889efe2100c6439bd383a6fa1a29fd9af3b02f5c8e060e394cb0d9d4d31e92ba6210edf543c7f58c6e7cd4de357568cba937f7fc509e26252ae8c248e6a461c3517d240b87aaa61214a853dcdfad57f001153c1373248ef4132e3298a60dc23a23a799d0e4ce50adfd07ddf83d74d8264f399287828f53f58d45afe08dd456604f7041dc80b44f810686752f1c38f08712316d890ced9863c0667b6babd96c71b5a7e05f3f8cbdbaba42b4069b2002468e01f6e13a01556b6e4b267b9811e2164c8a1ff884ec591dba86081deb929e2fd34b4e183ece4614e417c46db3562504a52adc221d83708c350030e3e2a0a996a31081867e24c10057bd84c42917a84c86fa1ccfaac1bc1ff95002cf8e9f2037c9f09f4530b3e0c1f643598e1887215f9621c151726b808453f4c692910d52d2371f6d6350a2d039a395d7114ea369dc1d1754f943de28f95752d484044113b4064c6638485308113e3dad94cb2c993895c8f514d771bbddbd77f70ed5e09cf538ea6906209dc31ac8418ac429749c14850cc707480974bc8ec66b2f0ac7a6e9953c055c35e2f6ded8c0249c1359e0ca588df141259d024843d97b819498b38626af0f44372a10fbe2c3bc9d4638b257ab28e4b8e827d4f426e49db837c781b45b7ab740ad5abe7ffb86b6b9515b18eb74b417e5a424d0d1176811bcb7e448725a522783c7cb81c7da6a482424c2917a50234f056a72421b654c2da840633e740801dc9ae4681b6c64c484a9adfcb5ed77eceeeec2a6d519f4f4f4be68e0cdae5ebb8a303981acd8b34080e90a49d3850b974b02cf15cba4857b70b27626963cefce938cbb10ab8349e93561e0d76e36d074242322cc52c703a264bb55a4e754e1d4e9d3a384624922b02e485cf20a7efca0c473961008823d131aac93a1dc39e48876724aa10468a2934c6960a6683b03cc27f60e64e1a27bc4caeb829e34612da4cd751737a7aecf9cd33544c9f3df31e0943fd052c92891d7ac256aea88e3a8a618b224763d2108673a140aeb9ddff61603af688dc063ac5ca9fa4210b16af0d22bed4e207a8f653c516e975cf174f30fa7e7c4879d21140fa0ecd784542ea1ba17d15d5ff8c4dada6dbd739cabd8104843815a5d7b43bc5bd519299844b094b84cfc836444d4f49e23c9eb9fe1c7350e5cb5ac920dd6466b13b61772d5c7a2fac00c69922d7c956057ef86d04ba584251f836df892096a32997341fec4be880b90f443b98c82aeec2128c8184db965efd2790202cff81838aa89581c55134bcac09f738915323db75a7a039eb5d2c105c0552645fd3ab52fbded7636e0411209fb961e75a849069a1c2577bf2de3bd9fe8270f39e5c483009881093288810e257734c35061f961cc4a8e600605057454b5fd1054879cf3ecbc3d7a0a11dac22152154d4e6cba39fbb8f45c6254a08927179774659418276d21eb9738ea696e9b0a952085f4b840c63ad5c1e98ab406a0a3246dd60f016b22bbf64499fd1dd0835ff231e8cf484949a63f24d120a91befc31cf2594347820ccb89665312842558806150443e40180e87d6d6d6aca1deef4e430cc2f9849cd34194c3c47ac2a6493ae5928254fb8a21f59d3d06cbfa9c12b450a06aaf441eb85eade897db191df1aa5e419b3c77f1ca93cfbdb0b3b9d1a8d7cceb2a4181b66edf67a3f0445ec964cb5f3f7a86442bd25946e3b40a708b6c20c829449c73616c6dc9abf0c5a72fc33709d362e048900ba23afa8a1ef2a2c06dccc46cde800ed497e674016997bc95bad76c2160180195189b7ca225bab49890640a38eacb28038436aba0c01181d390d017c68ac522479f95556d584110a2ff8f3d7ecd672cfcadd16756d338f12c505689754f13c5c416303304951b7b10242f262d3124bc25a7688f6e4768eb555f50e5523c953e77e1d2e5c79f3e7fe5b199f9c57aa5f4f66baf40194f71d605898cf7eb944dda1f60f968f2debd82b7fd206374485e93721ded121998a10bcf073ef1c405a8986a03188543ed2059fd61f2129ad1d82992acb2f8a004e17ac2fb508da46ae3ac9ab5a4439bcc250ee70c07cfc9521371eb68aae7c97be1180e47fc8d14b06708ea89535335b56505dfed1d3d7eed72c89ed1ae552a348a44f45e53c86975615b6bd4c4fa049f61e863843852a11a8494b7f1fa403455862270ac1663e385f9c5f3579eb8f6ec272e5c7d32373b67f3a87e37e39dd75ed9dbd9a6aa86e7ab2f4b90726a4e90122e91c893bc1a22e1c8a95723ef995192345c74907220291dd2415f3ce752b2ee449a7a9470a42a455c96d03513799a2244b05395504d6934877b13a511371c61024b1369b3279ad25263d568357990e885caa3c6a4619646143b71030f8c5591a38127e5a01965f88fcd8d87eac5c6428b69fdb4b6ee90e84ebdfd18139cf09fab4e9daee1412dec943c94618623d4888518662a935bbbfcf8f39fffea97fed13ffdc4e77fe7dca5c7c39108f11cc11b1ce00b6ae5c387f7ef50d34636dcc48014c21171132e85d6c3104e4f2e9f470b29712649524f4baef568212c51074141cddb42d99b789223f51cd7a04b3d12d3b576fcf42d21e8f84709997b062e3129a1623a0e516785e359e22aa40c7edb00d653b9084ef009042505dfde3b3e54dc9b39d2169aa6434126ae6ab55aabd587a667ea698a625238399dc9a518fef2ca0a2c136ad197beb766dfbf65f0840f54a527ba46062e0898b7519a82fbd468a683d33e77f1ea95a79e7ffce39fba70ed99f9d5f3897416663aad46ab51235e40c29c321d52bf523adcdddcb0816b9d07654f4e966a3640254e1914c7b3c429e50c846a3e760a191963a3c0c14557d10c2ed9cc21148d65ff5ef1f05eb15a51fea967ae501f4972ce5561a39ba524266985e68e930f5ba768d9f0b69f4a6802dfce8a7a96f447aa3052499a0fb7f035404d54a8a877cf7fa9dc48f5c8f11f9a56cdec636cac542ad99a5571ce1071eb88237cad2ecd57aab5d59515548a717094194d4f132ac31894a92937606b00f9401bbc2ed974aeb74aa73278c8279ffff4d32f7c7ef9fc95643a2be533313014ada4f48304fae90985bdfe4b44c78387776fe2b791ae555620e36c9b8495e8c20bcf70f564bc2b31524e6d38f22de429f1c1e178c8bbb4111d143c94f50a436a23bfaaa5bd68584bce0d33f94c121022114135545bc14113357b44973915454b103127a701e0b3a9832874004b7fb6d1a622aa8975ebf8cc75183ecab82c6885c489496ab59a6f3b387c34a62afd90a5daf9b5659640b8d5b9f9051880799ac23a80a320980ebc224686436589538ff78767e6972e3ffecc332f7cf689e73f7de1dad3f9b9059018f47be3f6dc257df31f6accbcad7a8515bd5ca86d57c13918f53aed07776eb1d8e75463b4047d4ead8292c943c94f35f651f272f8274f7da4e603b7e129874c2008cf3446be480f37cea02041a88577a1e119414168f2447092b81b9e59a19e1994fdf15f30488bcf92f12c789c16049c2d92ec504b2ba1e5f891f0a434a2263c3982fa3fe25719b0b43888c6d0a7b9f1ad3759b3a8271c053aa016e8f6bd356ad24f2838393b53f8bdaffd47584334a61ff0411ef48efad135a4180c7da041c95406d896d72f5ebcf6d4a5279e59bff278ca6ed9b0fec3ca8efd9d40c150c09ed486494a80adddacb51b35fcb3c768d497954f87761ededf7c700f9bd4a01eb13c97866704a6c1e91912e51c2911f3b2425bffc9b928ba0618ca1d3f4a400162c5e22143a3093284b2ec4a3f833c39dc09b5dd95f1ffe63fff03f25a6949a9f5f43455c10f090223799832f694a0e5195483724e69cba93b6b2992714025f8452d110bea43f77a884d0e61384fd0394de496ec768fefd79067045ca5537da73e186cb7db9572697777afd1d04fa6c3f6a3474831ce8bebab5ffbe33f593d7fa5d36aea857b768f3068af2f84141cbad0998cade7532aa05d0cc514655cfec11e6d25037b54d0f06cb3499ba2f60bcba88d868e6b91ee0ae01f7dfbaf36eedd811169b16d0ed0862334690759f28e13791257291f1197fd9117847a338e8c9ba66428a7b2c3a16ff4c4a295b27ef81e9c412316d32fcc23555084be55d32e975be130d1b5a30d67c69bbcbcb9a661a203ae921ec59553e78f0413947095bcd797531a26f01baaa4c680c6d94c0ee6ae804c3ad0a1d75cbe0005661ad41f269bcd26476f6546687f87d2194ba793d96c6661756d5a5f9dd1d79758773315980aead145454ff6b0afbe81a6dfb5f07d06e99fcf07fc1f0d67c41bf235fc7add0e6da98730f06b9a56a682ad7aedc65bafa12e34a48d4b0c4a1c6968748649fc8d92bab3a43edc22d5d1d0ecec305c20ba4345eba80cae18150321fcd04ba16b551c12eb2a51d6d6237382bdf780731880ae954b3dc511c9f093203c46b0681b8e05b0618c98a8e54de8db073f22a8e664e09172e1a4db812ccac52ed560fd6c05c929795a2453e9fccc2c972af63bd390b03874e4a54d22fca73e42e0035b486e77eb614b6fce622d28292071ac103654d56f236844f2e13e4095dad2d09143948e9d7b772a50e2610b430dd96f4963c480676d4f4b07bbad56031054db98f76464a55864bcfcd13c474f5e93648aee5963ed91a502258818d5c6fdd4ebf55eaf8b479c999d4d6732bd6e6f17bfb4bbcb8556b3d9c3ebfcd60b4f41d4cd08520c56106180e61fd064ce445e92d08061ca24a204cbe694f420a8e9941275ed22080a4232d656e7c30a2cf52cd6a701b81a5452f374268ba2d42aa546bd6e6f13ed3131773a2c8db4b5e69469a4be94c7fac793f1683e9f454bc3e1503a5798d67a3ce8ab78faa357f876b434340529e25c271a9158d2ffe0b4c68c9ea3a08129c4e0c1276ca3a61a3eb21612f080db387a70ebc6e1fe9e2ae8478a14726b8c86168cf951231e392a2f3c4b67a7aecd0e1885241721bacd311e4fa0bd847278202aa07b74c4ac944824b0bd6eb7532e97b1485aaa1b1beacf240dd2d8907f20f929e3b165f1d0b54a22c305b5ddfa1a4622828dc10f1b5a5b0d1ea532c048f2877683090ae96c6e667e2193cbe3494a8707ac025907b65a6dda8e8667a4d5cb30038ad044bc49308ceae7d60ff776a1aeaecdadd129ed601e473a25771af6d7dafbc70bb5548dc443911893211f616f4f14987268947c18b494468b087d6f8d2134ec37cfe181bea497a6101aa725c9c48e5c354e4d578692941cbc501ec8e0f20ae43dc1332594ab89de7aad2d33a2f196a59ebd5797c490e717971697967085954a99fece5cb94bdbbbd1d13bf674c61c007ac64bacb2120d387595a412462cc64775c4a0f3edac9f8eb11ecbe60b20c7d5f2e1c1decef6deee4eb158043c4a9877302ca882bd736403568eff56a0844a86c361c4807099dc25770d471cb0b2e00fc3b1bc599bb687341d60ac61dca3bdf1c2a637b919a8c12a1ca20a7c804c1fdd5ed3cf28f2616a64166cd6abcd467d388a11240e06471ba5929778a127ef828cd5b1db11be3b61c9c5336a244e009131d18a2c57591762006428f106483897cbcfcdcf1b6896ac992e434214cd02464c4a59bc82c4e30f35714e323f0923eaca92ca4c8af4c174e92590c5f8609db64c2d89541a18cbc5e2c3fbf730a052a978b0bf572e956114d031af512bdd9770c78272305e155aac0b4b477dbd861b7b71a88848e91646a9c32990a150e4c5e119b3c21108c3fa4117f39fd034bf2005c749b284ef12d9b69a9d76b3d36ab022ecb45a1d8b6b8869889488b08016f1401339ba70680b0998f45eb844a29c1232b047a10b96535530d5a443ab38ce00fd124774838c8f081418be7de46f71619285ada449dea3545643b5447b27a47a1a90af5aa4205e8e2c943116c5871d5502affc3116a9a3f903e86c4754819cfdae0e94f05fb17802e69a8d1a11f983bbb7b13cd60c878787804715222f2c0faa50b6f58c427c6f0b654b5c6178e29642c62693d51e8d662ce26b0aa93094d330aed663fce4c5bef97fc8bab633c0ae7ed4b08b8724586d35aad5d2419d99b856c6d41a551ddbad3ac343e312e96c92a93a14aaebd96d89d21972de86fd5af20c256797a87c967c38b0c725f25ee8d5694789a32594ed8107f2223a24485b35a710fcb8ea97ec99790b58fcdc6b90c888bce5fd2f470a9d184c98a688953301abe86c13cec42a2c0dc848344ab88f2b00b6ad871be552b15aa9349b0d7c3d3dbbd9196d7c88b4cf886b48ead17aa002f2773474c9a67dac96485bc191425ab45203a6add7324ecf24a87754408f0c35718c82aa56114ecd3a80558bfbb57211149bf51ad608f3d85c3a371b4f66084a315c9bf5c7d1bfe1b2c6a62eb162bce1243cefe951e97bb2810c33b0471b325483331a529923e5baa421e84bf74e846a5e81e44f765181ee487e5543150b96b8c6d1a80c8d4fa231fc809d9cb7b1ba9a3630184e49d4735668cb512668e0d9260f8e330ae24c78a047b489c4cf98a043ef0876494e0c0a5023e797a8634721aa4bd6af97982eea7d0da8826225fdf0b8f6a0396a7684697b533d1977933a30b9d52ae0d7aa5731bd5aa5582b1fb658c2dbd7d8e039128bc7ecd177bdda067dd4ca520f5860c5c04c280f651f298c8e38146f24e35f4950b8b28d64e28a454df26a65eb6624400f4ec1eb7054735b0231286a5282348c9e5ac009254ed38b8ce8484728356aca71306654ee8679766a97acc8fd89155a1fce2b8c0d0357023f4af0965b1b0f98edda2dfd242f17688a78010082100602581137165239c734f41ec990e882a38a3591683a0c87824c87ac3d00aad5681cec6d97f67789de3a841e0d428f6ab32e23039e76b3c62968558afbe5c33dbc25d8e13b99d860ded824be898359349e8a44412e8468cd8b682d68c1aabeb971ebdd375a4dff616c7105b3678cf9d11395a1a919ca20f1123f7a86e444bcc413a7a823e524dc0d6b415493424ea98f70100b3c704a217995032191da573ef37169b2254a9d9c960ba378640427ea30e4834b42d44054926f1a3e462cfb93e62a76a79845c2dece56bd5aa54b90a32dd511ba8cc68cc4f9a6902e70a7704539d5889b29e1926ed68f22051fb94e4fa4a7d3417fe3937674e91914b03146471d421b16fb4c75384c6dbcb5f523508c1f129a11a726094aed05dce1a8be74196748c6bbde2603e7cc79c08ad8588d50c0b831dffb37dfbdfed64fdafa7a83bc1f2c210717083d32041737898c18f5dca85082b2617a5b1a5a0b57654dae2e106dbe1c1f2793493287c512a051139800420f7147b5d94d333a953c359c49814f272e1dcb1a8a66f5ea816eecd54fe83e1c508d42e852557c3d92544744a02e2910cb61794008bc5ca202b0c1160946c92308482956b6dd3590a0a4d1d04ffa400706465a2bb28c412c0c937c298b7056f4fecd358af43c565b0f03f6ec77b86389642a5bf04f3a5bc8cd2c640a732c3f53b9423c954e66f28427b1448a4c585fe6863ef069374e5f1dd28fab2743d1582c99a6042ec0ef7077ebbd375ec58bc024cc2365c743d2b03c894b9e219197d2989b39ab43e6ecc8a8f9cb6011082a814a53e85ace9121681568a2238f2858cea3d672a48f7869a4a45349d076bcce2e90e04dfc998119432676dbc37c3471c927488662599b0e03137a9bf1c30d46411fb4a51c5e4994d011222039903e1eec16d3acd5ea9c0289d890c6485b198f1cc248dfeda8fb2f9e97c14f0759a2f3c13e9865a10ab3a8a4cccad60ffa10e9da7b9f28e1a82b413d84087de8b1ea27e604393e582517e91a5c19944da07ac1fdddf7df69d4f55b40c6c004ca039f62c54ecf1223658c1ca18c04891124224b94eb68b60655d5330b830d8dc8928b944131e8aedd5f830c25de8b9ca0d915a78845beda2c4def2ef1963ab1243db744a12b1ae088276993f8f3fa1c8d2d03929af69e17e4552d952aa512746807717002bc115a9af638f5e694d00b3531be6ab546a138136f7ae7275c580531431dd865609492c7e58abe4dab5c051abc28f5ab951222573f7a89538bd5821c8639189173ff60d6667bd6217d3f3b1cd1e467731ecd88767add169cd00641f339191c337d1eec6e3bc3d071b6c9a0fa34b186129433c991e4d5483e52af200a66175e99e4fc033a47af4f1df2b0da6e77c0da4ab4c6b09b80fa6a80a06675670c40417561ca99f36ebc12e5e4498074c6ba4e474a043248c764e58f0bc87a58f655cbe576bb051108012edecdcc4f339fb90b3d5b7c460d0eb8d66ab5eaf693c4f48bbb7021c000ffa843651f2a090da03bac52100ee71258e0bf0812f7c25bbba95f6aa68812740c44f9d82806e8864d798e966e088b4f4daeda83013cadcf6d779b1e2927e9fec65177fbc19d967eb35ebaae2e47f3b7199a1235edafcacf4e3942dfbb206954362e7838a3efd56c686298a357c349b5593f88240b8ce1fd6a18e34865036808f9c9c9c9ff074880e4617422146b0000000049454e44ae426082);
INSERT INTO `Users` (`Id`, `Email`, `Password`, `Img`) VALUES
(2, 'felipe.lotas@ucm.es', 'felipe', 0x66656c6970652e6a7067),
(3, 'steve.curros@ucm.es', 'steve', 0x73746576652e6a7067),
(4, 'bill.puertas@ucm.es', 'bill', 0x62696c6c2e6a7067);

-- --------------------------------------------------------

--
-- Estructura de tabla para la tabla `UsersTasks`
--

CREATE TABLE `UsersTasks` (
  `IdUser` int(10) NOT NULL,
  `IdTask` int(10) NOT NULL,
  `Done` tinyint(1) DEFAULT NULL
) ENGINE=InnoDB DEFAULT CHARSET=latin1;

--
-- Volcado de datos para la tabla `UsersTasks`
--

INSERT INTO `UsersTasks` (`IdUser`, `IdTask`, `Done`) VALUES
(1, 1, 0),
(1, 2, 1),
(1, 3, 0),
(1, 4, 0),
(1, 5, 0),
(2, 3, 0),
(2, 4, 0),
(2, 5, 0),
(3, 1, 0),
(3, 2, 0),
(3, 3, 1),
(3, 4, 0),
(4, 1, 1),
(4, 2, 0),
(4, 3, 1),
(4, 4, 0);

--
-- Índices para tablas volcadas
--

--
-- Indices de la tabla `Tags`
--
ALTER TABLE `Tags`
  ADD PRIMARY KEY (`Id`);

--
-- Indices de la tabla `Tasks`
--
ALTER TABLE `Tasks`
  ADD PRIMARY KEY (`Id`);

--
-- Indices de la tabla `TasksTags`
--
ALTER TABLE `TasksTags`
  ADD PRIMARY KEY (`IdTask`,`IdTag`),
  ADD KEY `IdTag` (`IdTag`);

--
-- Indices de la tabla `Users`
--
ALTER TABLE `Users`
  ADD PRIMARY KEY (`Id`);

--
-- Indices de la tabla `UsersTasks`
--
ALTER TABLE `UsersTasks`
  ADD PRIMARY KEY (`IdUser`,`IdTask`),
  ADD KEY `IdTask` (`IdTask`);

--
-- AUTO_INCREMENT de las tablas volcadas
--

--
-- AUTO_INCREMENT de la tabla `Tags`
--
ALTER TABLE `Tags`
  MODIFY `Id` int(11) NOT NULL AUTO_INCREMENT, AUTO_INCREMENT=9;

--
-- AUTO_INCREMENT de la tabla `Tasks`
--
ALTER TABLE `Tasks`
  MODIFY `Id` int(11) NOT NULL AUTO_INCREMENT, AUTO_INCREMENT=9;

--
-- AUTO_INCREMENT de la tabla `Users`
--
ALTER TABLE `Users`
  MODIFY `Id` int(11) NOT NULL AUTO_INCREMENT, AUTO_INCREMENT=6;

--
-- Restricciones para tablas volcadas
--

--
-- Filtros para la tabla `TasksTags`
--
ALTER TABLE `TasksTags`
  ADD CONSTRAINT `taskstags_ibfk_1` FOREIGN KEY (`IdTask`) REFERENCES `Tasks` (`Id`) ON DELETE CASCADE ON UPDATE CASCADE,
  ADD CONSTRAINT `taskstags_ibfk_2` FOREIGN KEY (`IdTag`) REFERENCES `Tags` (`Id`) ON DELETE CASCADE ON UPDATE CASCADE;

--
-- Filtros para la tabla `UsersTasks`
--
ALTER TABLE `UsersTasks`
  ADD CONSTRAINT `userstasks_ibfk_1` FOREIGN KEY (`IdUser`) REFERENCES `Users` (`Id`) ON DELETE CASCADE ON UPDATE CASCADE,
  ADD CONSTRAINT `userstasks_ibfk_2` FOREIGN KEY (`IdTask`) REFERENCES `Tasks` (`Id`) ON DELETE CASCADE ON UPDATE CASCADE;
COMMIT;

/*!40101 SET CHARACTER_SET_CLIENT=@OLD_CHARACTER_SET_CLIENT */;
/*!40101 SET CHARACTER_SET_RESULTS=@OLD_CHARACTER_SET_RESULTS */;
/*!40101 SET COLLATION_CONNECTION=@OLD_COLLATION_CONNECTION */;
